iter,loss,param_dist,corr_with_target,steering_span
0,0.5079926252365112,0.2027103304862976,0.856399437307823,0.0004581082612276077
1,0.23398035764694214,0.2682165205478668,0.8364955170323353,0.00047619733959436417
2,0.1811683177947998,0.33728718757629395,0.8432421250308103,0.0004998454824090004
3,0.16076858341693878,0.4111327826976776,0.8456860769135807,0.000518028624355793
4,0.18106016516685486,0.474199503660202,0.849499024128381,0.0005246168002486229
5,0.1972646415233612,0.5287231206893921,0.854994553043611,0.0005283579230308533
6,0.17974531650543213,0.582401692867279,0.8599345996365072,0.0005362462252378464
7,0.15277738869190216,0.6387699842453003,0.8618202874403691,0.0005502486601471901
8,0.1494537591934204,0.6924761533737183,0.8627994719185214,0.0005639810115098953
9,0.14250104129314423,0.7459163069725037,0.8640298415400095,0.0005720015615224838
10,0.14384429156780243,0.796918511390686,0.8641759809521219,0.0005827751010656357
11,0.1442083865404129,0.8447878956794739,0.8661674552537341,0.000590149313211441
12,0.1400507539510727,0.8903136849403381,0.8691835668463905,0.0005958611145615578
13,0.13309752941131592,0.9349376559257507,0.8722084405745942,0.0006012795493006706
14,0.12970319390296936,0.9806779026985168,0.8725188861218616,0.0006095441058278084
