episode,reward,baseline,reached,collided,steps,detour
1,-0.46906701608625734,-0.023453350804312868,False,True,51,
2,0.6309257052660622,0.009265601999205886,False,False,100,
3,-0.7881667471191001,-0.030606015456709414,False,True,24,
4,-0.24161647440624456,-0.04115653840418617,False,True,83,
5,-0.14328842440947764,-0.046263132704450746,False,False,100,
6,0.034553692049307486,-0.04222229146676283,False,False,100,
7,-0.77484864733284,-0.07885360926006668,False,True,24,
8,-0.681402690584854,-0.10898106332630605,False,True,32,
9,-0.5640365986063107,-0.13173384009030628,False,True,73,
10,-0.5109521592345203,-0.15069475604751698,False,True,51,
11,-0.7806844420404586,-0.18219424034716405,False,True,23,
12,0.034747099055514874,-0.1713471733770301,False,False,100,
13,-0.057295810059065796,-0.1656446052111319,False,False,100,
14,-0.38243527317071113,-0.17648413860911083,False,True,75,
15,-0.8115524840260976,-0.20823755587996018,False,True,23,
16,0.8691259087571833,-0.154369382648103,False,False,100,
17,-0.15259711934079812,-0.15428076948273775,False,True,89,
18,-0.7745153013199164,-0.18529249607459666,False,True,23,
19,-0.44225131969764864,-0.19814043725574926,False,True,57,
20,-0.24465393378365843,-0.2004661120821447,False,False,100,
