r_max_ratio,tau_ratio,outcome
0.002,1.0,body_infeasible
0.002,2.0,body_infeasible
0.002,4.0,body_infeasible
0.002,8.0,body_infeasible
0.002,16.0,body_infeasible
0.002,32.0,body_infeasible
0.005,1.0,body_infeasible
0.005,2.0,body_infeasible
0.005,4.0,body_infeasible
0.005,8.0,body_infeasible
0.005,16.0,body_infeasible
0.005,32.0,body_infeasible
0.01,1.0,success
0.01,2.0,success
0.01,4.0,success
0.01,8.0,success
0.01,16.0,success
0.01,32.0,success
0.02,1.0,success
0.02,2.0,success
0.02,4.0,success
0.02,8.0,success
0.02,16.0,success
0.02,32.0,success
0.05,1.0,success
0.05,2.0,success
0.05,4.0,success
0.05,8.0,success
0.05,16.0,success
0.05,32.0,success
0.25,1.0,success
0.25,2.0,success
0.25,4.0,success
0.25,8.0,success
0.25,16.0,success
0.25,32.0,overshoot_dominant
1.0,1.0,success
1.0,2.0,success
1.0,4.0,success
1.0,8.0,success
1.0,16.0,success
1.0,32.0,saturation_dominated
