r_max_ratio,alpha_ratio,tau_ratio,noise,noise_pcontrol,delta
0.01,0.005,1.0,1.0,1.0,0.0
0.01,0.005,2.0,1.0,1.0,0.0
0.01,0.005,4.0,1.0,1.0,0.0
0.01,0.005,8.0,1.0,1.0,0.0
0.01,0.005,16.0,1.0,1.0,0.0
0.01,0.005,32.0,0.8888888888888888,0.8888888888888888,0.0
0.01,0.01,1.0,1.0,1.0,0.0
0.01,0.01,2.0,1.0,1.0,0.0
0.01,0.01,4.0,1.0,1.0,0.0
0.01,0.01,8.0,1.0,1.0,0.0
0.01,0.01,16.0,1.0,1.0,0.0
0.01,0.01,32.0,0.8888888888888888,0.8888888888888888,0.0
0.01,0.02,1.0,1.0,1.0,0.0
0.01,0.02,2.0,1.0,1.0,0.0
0.01,0.02,4.0,1.0,1.0,0.0
0.01,0.02,8.0,1.0,1.0,0.0
0.01,0.02,16.0,1.0,1.0,0.0
0.01,0.02,32.0,0.8888888888888888,0.8888888888888888,0.0
0.01,0.05,1.0,1.0,1.0,0.0
0.01,0.05,2.0,1.0,1.0,0.0
0.01,0.05,4.0,1.0,1.0,0.0
0.01,0.05,8.0,1.0,1.0,0.0
0.01,0.05,16.0,1.0,1.0,0.0
0.01,0.05,32.0,0.8888888888888888,0.8888888888888888,0.0
0.01,0.25,1.0,1.0,1.0,0.0
0.01,0.25,2.0,1.0,1.0,0.0
0.01,0.25,4.0,1.0,1.0,0.0
0.01,0.25,8.0,1.0,1.0,0.0
0.01,0.25,16.0,1.0,1.0,0.0
0.01,0.25,32.0,0.8888888888888888,0.8888888888888888,0.0
0.01,4.0,1.0,1.0,1.0,0.0
0.01,4.0,2.0,1.0,1.0,0.0
0.01,4.0,4.0,1.0,1.0,0.0
0.01,4.0,8.0,1.0,1.0,0.0
0.01,4.0,16.0,1.0,1.0,0.0
0.01,4.0,32.0,0.8888888888888888,0.8888888888888888,0.0
0.02,0.005,1.0,1.0,1.0,0.0
0.02,0.005,2.0,1.0,1.0,0.0
0.02,0.005,4.0,1.0,1.0,0.0
0.02,0.005,8.0,1.0,1.0,0.0
0.02,0.005,16.0,1.0,1.0,0.0
0.02,0.005,32.0,0.9444444444444444,0.8819444444444444,-0.0625
0.02,0.01,1.0,1.0,1.0,0.0
0.02,0.01,2.0,1.0,1.0,0.0
0.02,0.01,4.0,1.0,1.0,0.0
0.02,0.01,8.0,1.0,1.0,0.0
0.02,0.01,16.0,1.0,1.0,0.0
0.02,0.01,32.0,0.9444444444444444,0.8819444444444444,-0.0625
0.02,0.02,1.0,1.0,1.0,0.0
0.02,0.02,2.0,1.0,1.0,0.0
0.02,0.02,4.0,1.0,1.0,0.0
0.02,0.02,8.0,1.0,1.0,0.0
0.02,0.02,16.0,1.0,1.0,0.0
0.02,0.02,32.0,0.9444444444444444,0.8819444444444444,-0.0625
0.02,0.05,1.0,1.0,1.0,0.0
0.02,0.05,2.0,1.0,1.0,0.0
0.02,0.05,4.0,1.0,1.0,0.0
0.02,0.05,8.0,1.0,1.0,0.0
0.02,0.05,16.0,1.0,1.0,0.0
0.02,0.05,32.0,0.9444444444444444,0.8819444444444444,-0.0625
0.02,0.25,1.0,1.0,1.0,0.0
0.02,0.25,2.0,1.0,1.0,0.0
0.02,0.25,4.0,1.0,1.0,0.0
0.02,0.25,8.0,1.0,1.0,0.0
0.02,0.25,16.0,1.0,1.0,0.0
0.02,0.25,32.0,0.9444444444444444,0.8819444444444444,-0.0625
0.02,4.0,1.0,1.0,1.0,0.0
0.02,4.0,2.0,1.0,1.0,0.0
0.02,4.0,4.0,1.0,1.0,0.0
0.02,4.0,8.0,1.0,1.0,0.0
0.02,4.0,16.0,1.0,1.0,0.0
0.02,4.0,32.0,0.9444444444444444,0.8819444444444444,-0.0625
0.05,0.005,1.0,0.6597222222222222,0.2986111111111111,-0.3611111111111111
0.05,0.005,2.0,0.6527777777777778,0.3472222222222222,-0.3055555555555556
0.05,0.005,4.0,0.75,0.5625,-0.1875
0.05,0.005,8.0,0.9444444444444444,0.9027777777777778,-0.04166666666666663
0.05,0.005,16.0,1.0,1.0,0.0
0.05,0.005,32.0,0.75,0.7430555555555556,-0.00694444444444442
0.05,0.01,1.0,0.9791666666666666,0.9583333333333334,-0.02083333333333326
0.05,0.01,2.0,0.9861111111111112,0.9791666666666666,-0.006944444444444531
0.05,0.01,4.0,1.0,1.0,0.0
0.05,0.01,8.0,1.0,1.0,0.0
0.05,0.01,16.0,1.0,1.0,0.0
0.05,0.01,32.0,0.75,0.7430555555555556,-0.00694444444444442
0.05,0.02,1.0,1.0,1.0,0.0
0.05,0.02,2.0,1.0,1.0,0.0
0.05,0.02,4.0,1.0,1.0,0.0
0.05,0.02,8.0,1.0,1.0,0.0
0.05,0.02,16.0,1.0,1.0,0.0
0.05,0.02,32.0,0.75,0.7430555555555556,-0.00694444444444442
0.05,0.05,1.0,1.0,1.0,0.0
0.05,0.05,2.0,1.0,1.0,0.0
0.05,0.05,4.0,1.0,1.0,0.0
0.05,0.05,8.0,1.0,1.0,0.0
0.05,0.05,16.0,1.0,1.0,0.0
0.05,0.05,32.0,0.75,0.7430555555555556,-0.00694444444444442
0.05,0.25,1.0,1.0,1.0,0.0
0.05,0.25,2.0,1.0,1.0,0.0
0.05,0.25,4.0,1.0,1.0,0.0
0.05,0.25,8.0,1.0,1.0,0.0
0.05,0.25,16.0,1.0,1.0,0.0
0.05,0.25,32.0,0.75,0.7430555555555556,-0.00694444444444442
0.05,4.0,1.0,1.0,1.0,0.0
0.05,4.0,2.0,1.0,1.0,0.0
0.05,4.0,4.0,1.0,1.0,0.0
0.05,4.0,8.0,1.0,1.0,0.0
0.05,4.0,16.0,1.0,1.0,0.0
0.05,4.0,32.0,0.75,0.7430555555555556,-0.00694444444444442
0.25,0.005,1.0,0.3541666666666667,0.14583333333333334,-0.20833333333333334
0.25,0.005,2.0,0.3402777777777778,0.14583333333333334,-0.19444444444444445
0.25,0.005,4.0,0.3194444444444444,0.1875,-0.13194444444444442
0.25,0.005,8.0,0.3472222222222222,0.14583333333333334,-0.20138888888888887
0.25,0.005,16.0,0.2847222222222222,0.125,-0.1597222222222222
0.25,0.005,32.0,0.1597222222222222,0.09722222222222222,-0.062499999999999986
0.25,0.01,1.0,0.6041666666666666,0.3472222222222222,-0.2569444444444444
0.25,0.01,2.0,0.5902777777777778,0.3472222222222222,-0.24305555555555558
0.25,0.01,4.0,0.5972222222222222,0.3472222222222222,-0.25
0.25,0.01,8.0,0.5347222222222222,0.3333333333333333,-0.2013888888888889
0.25,0.01,16.0,0.3888888888888889,0.19444444444444445,-0.19444444444444445
0.25,0.01,32.0,0.2222222222222222,0.09722222222222222,-0.12499999999999999
0.25,0.02,1.0,0.9166666666666666,0.5763888888888888,-0.3402777777777778
0.25,0.02,2.0,0.9305555555555556,0.5555555555555556,-0.375
0.25,0.02,4.0,0.9236111111111112,0.6319444444444444,-0.29166666666666674
0.25,0.02,8.0,0.8888888888888888,0.6111111111111112,-0.2777777777777777
0.25,0.02,16.0,0.5486111111111112,0.3611111111111111,-0.18750000000000006
0.25,0.02,32.0,0.2222222222222222,0.09722222222222222,-0.12499999999999999
0.25,0.05,1.0,1.0,0.9930555555555556,-0.00694444444444442
0.25,0.05,2.0,1.0,0.9930555555555556,-0.00694444444444442
0.25,0.05,4.0,1.0,0.9930555555555556,-0.00694444444444442
0.25,0.05,8.0,0.9236111111111112,0.9583333333333334,0.03472222222222221
0.25,0.05,16.0,0.5555555555555556,0.3680555555555556,-0.1875
0.25,0.05,32.0,0.2222222222222222,0.09722222222222222,-0.12499999999999999
0.25,0.25,1.0,1.0,1.0,0.0
0.25,0.25,2.0,1.0,1.0,0.0
0.25,0.25,4.0,1.0,0.9861111111111112,-0.01388888888888884
0.25,0.25,8.0,0.9236111111111112,0.9583333333333334,0.03472222222222221
0.25,0.25,16.0,0.5555555555555556,0.3680555555555556,-0.1875
0.25,0.25,32.0,0.2222222222222222,0.09722222222222222,-0.12499999999999999
0.25,4.0,1.0,1.0,1.0,0.0
0.25,4.0,2.0,1.0,1.0,0.0
0.25,4.0,4.0,1.0,0.9861111111111112,-0.01388888888888884
0.25,4.0,8.0,0.9236111111111112,0.9583333333333334,0.03472222222222221
0.25,4.0,16.0,0.5555555555555556,0.3680555555555556,-0.1875
0.25,4.0,32.0,0.2222222222222222,0.09722222222222222,-0.12499999999999999
1.0,0.005,1.0,0.3541666666666667,0.14583333333333334,-0.20833333333333334
1.0,0.005,2.0,0.3402777777777778,0.14583333333333334,-0.19444444444444445
1.0,0.005,4.0,0.3194444444444444,0.1875,-0.13194444444444442
1.0,0.005,8.0,0.3472222222222222,0.14583333333333334,-0.20138888888888887
1.0,0.005,16.0,0.2847222222222222,0.125,-0.1597222222222222
1.0,0.005,32.0,0.1597222222222222,0.09722222222222222,-0.062499999999999986
1.0,0.01,1.0,0.6041666666666666,0.3472222222222222,-0.2569444444444444
1.0,0.01,2.0,0.5902777777777778,0.3472222222222222,-0.24305555555555558
1.0,0.01,4.0,0.5972222222222222,0.3472222222222222,-0.25
1.0,0.01,8.0,0.5347222222222222,0.3333333333333333,-0.2013888888888889
1.0,0.01,16.0,0.3888888888888889,0.19444444444444445,-0.19444444444444445
1.0,0.01,32.0,0.2013888888888889,0.08333333333333333,-0.11805555555555557
1.0,0.02,1.0,0.9166666666666666,0.5763888888888888,-0.3402777777777778
1.0,0.02,2.0,0.9305555555555556,0.5555555555555556,-0.375
1.0,0.02,4.0,0.9236111111111112,0.6319444444444444,-0.29166666666666674
1.0,0.02,8.0,0.7708333333333334,0.5416666666666666,-0.22916666666666674
1.0,0.02,16.0,0.3263888888888889,0.25,-0.0763888888888889
1.0,0.02,32.0,0.18055555555555555,0.08333333333333333,-0.09722222222222222
1.0,0.05,1.0,1.0,0.9652777777777778,-0.03472222222222221
1.0,0.05,2.0,1.0,1.0,0.0
1.0,0.05,4.0,1.0,0.9444444444444444,-0.05555555555555558
1.0,0.05,8.0,0.7222222222222222,0.7777777777777778,0.05555555555555558
1.0,0.05,16.0,0.2986111111111111,0.2361111111111111,-0.0625
1.0,0.05,32.0,0.18055555555555555,0.08333333333333333,-0.09722222222222222
1.0,0.25,1.0,1.0,1.0,0.0
1.0,0.25,2.0,1.0,1.0,0.0
1.0,0.25,4.0,0.9097222222222222,0.9513888888888888,0.04166666666666663
1.0,0.25,8.0,0.4861111111111111,0.7777777777777778,0.2916666666666667
1.0,0.25,16.0,0.2986111111111111,0.2361111111111111,-0.0625
1.0,0.25,32.0,0.18055555555555555,0.08333333333333333,-0.09722222222222222
1.0,4.0,1.0,1.0,1.0,0.0
1.0,4.0,2.0,1.0,1.0,0.0
1.0,4.0,4.0,0.9166666666666666,0.9513888888888888,0.03472222222222221
1.0,4.0,8.0,0.4861111111111111,0.7777777777777778,0.2916666666666667
1.0,4.0,16.0,0.2986111111111111,0.2361111111111111,-0.0625
1.0,4.0,32.0,0.18055555555555555,0.08333333333333333,-0.09722222222222222
