heading_deg,n_lit,total_hz,n_active,desc_right_hz,desc_left_hz,steering_lr,epg_hz
-180.0,9958,1109166.6666666667,15444,140.0,43.333333333333336,96.66666666666666,0.0
-150.0,9958,1109166.6666666667,15444,140.0,43.333333333333336,96.66666666666666,0.0
-120.0,9958,1292623.3333333335,15856,566.6666666666667,230.0,336.66666666666674,0.0
-90.0,9958,1665830.0,24339,2346.666666666667,2143.3333333333335,203.33333333333348,0.0
-60.0,9958,1441456.6666666667,15995,333.33333333333337,106.66666666666666,226.6666666666667,0.0
-30.0,9958,1412563.3333333335,16459,1146.6666666666667,490.0,656.6666666666667,0.0
0.0,9958,1406386.666666667,16467,1050.0,573.3333333333333,476.66666666666674,0.0
30.0,9958,1401506.6666666665,16326,276.6666666666667,386.6666666666667,-110.0,0.0
60.0,9958,1423593.3333333335,16173,456.6666666666667,290.0,166.66666666666669,0.0
90.0,9958,1420346.666666667,16557,610.0000000000001,376.66666666666674,233.33333333333337,0.0
120.0,9958,1256426.6666666667,15757,180.0,103.33333333333334,76.66666666666666,0.0
150.0,9958,1109166.6666666667,15444,140.0,43.333333333333336,96.66666666666666,0.0
