e0_deg,outcome,final_abs_err_deg,tail_spread_deg
-179.0,oscillation,99.99986283273216,200.01703372373908
-176.0,oscillation,99.9912707481111,200.0907198373724
-173.0,converged,8.243997734353437e-14,2.0355549961366507e-13
-170.0,converged,8.549330983773935e-14,2.0355549961366507e-13
-167.0,converged,8.243997734353437e-14,2.0355549961366507e-13
-164.0,oscillation,99.9915576223536,200.08861424695067
-161.0,oscillation,99.99363303367382,200.09433455834616
-158.0,oscillation,99.99365076036496,200.09416377862618
-155.0,converged,8.294886609256854e-14,2.0355549961366507e-13
-152.0,converged,8.294886609256854e-14,2.0355549961366507e-13
-149.0,converged,8.243997734353437e-14,2.0355549961366507e-13
-146.0,converged,8.447553233967103e-14,2.0355549961366507e-13
-143.0,converged,8.447553233967103e-14,2.0355549961366507e-13
-140.0,converged,8.243997734353437e-14,2.0355549961366507e-13
-137.0,converged,8.243997734353437e-14,2.0355549961366507e-13
-134.0,converged,8.549330983773935e-14,2.0355549961366507e-13
-131.0,converged,8.396664359063686e-14,2.0355549961366507e-13
-128.0,converged,8.243997734353437e-14,2.0355549961366507e-13
-125.0,converged,8.243997734353437e-14,2.0355549961366507e-13
-122.0,converged,8.549330983773935e-14,2.0355549961366507e-13
-119.0,converged,8.396664359063686e-14,2.0355549961366507e-13
-116.0,converged,8.34577548416027e-14,2.0355549961366507e-13
-113.0,oscillation,99.99108577997248,200.09207594605223
-110.0,oscillation,99.99126775233037,200.09074180975284
-107.0,oscillation,99.99478463759759,200.0831722787836
-104.0,oscillation,99.9936177356814,200.094481923012
-101.0,oscillation,99.99616179712132,200.06944753774542
-98.0,oscillation,99.99255212867791,200.08128096993522
-95.0,oscillation,99.99148066496697,200.08917941295005
-92.0,oscillation,99.9915382716626,200.08875637981748
-89.0,oscillation,99.99368014811688,200.07285320671144
-86.0,oscillation,99.99441583859752,200.08676580964547
-83.0,oscillation,99.99362061557603,200.0944541823144
-80.0,oscillation,99.99345029627813,200.0745838585089
-77.0,oscillation,99.99345895081446,200.0960106440052
-74.0,converged,8.549330983773935e-14,2.0355549961366507e-13
-71.0,converged,8.294886609256854e-14,2.0355549961366507e-13
-68.0,converged,8.294886609256854e-14,2.0355549961366507e-13
-65.0,converged,8.34577548416027e-14,2.0355549961366507e-13
-62.0,converged,8.549330983773935e-14,2.0355549961366507e-13
-59.0,converged,8.294886609256854e-14,2.0355549961366507e-13
-56.0,converged,8.396664359063686e-14,2.0355549961366507e-13
-53.0,converged,8.396664359063686e-14,2.0355549961366507e-13
-50.0,converged,8.243997734353437e-14,2.0355549961366507e-13
-47.0,converged,8.243997734353437e-14,2.0355549961366507e-13
-44.0,converged,8.34577548416027e-14,2.0355549961366507e-13
-41.0,converged,8.294886609256854e-14,2.0355549961366507e-13
-38.0,converged,8.396664359063686e-14,2.0355549961366507e-13
-35.0,converged,8.396664359063686e-14,2.0355549961366507e-13
-32.0,converged,8.243997734353437e-14,2.0355549961366507e-13
-29.0,converged,8.243997734353437e-14,2.0355549961366507e-13
-26.0,converged,8.396664359063686e-14,2.0355549961366507e-13
-23.0,converged,8.396664359063686e-14,2.0355549961366507e-13
-20.0,converged,8.396664359063686e-14,2.0355549961366507e-13
-17.0,converged,8.294886609256854e-14,2.0355549961366507e-13
-14.0,converged,8.243997734353437e-14,2.0355549961366507e-13
-11.0,converged,8.243997734353437e-14,2.0355549961366507e-13
-8.0,converged,8.243997734353437e-14,2.0355549961366507e-13
-5.0,converged,8.447553233967103e-14,2.0355549961366507e-13
-2.0,converged,8.243997734353437e-14,2.0355549961366507e-13
1.0,converged,8.447553233967103e-14,2.0355549961366507e-13
4.0,converged,8.549330983773935e-14,2.0355549961366507e-13
7.0,converged,8.243997734353437e-14,2.0355549961366507e-13
10.0,converged,8.549330983773935e-14,2.0355549961366507e-13
13.0,converged,8.243997734353437e-14,2.0355549961366507e-13
16.0,converged,8.243997734353437e-14,2.0355549961366507e-13
19.0,converged,8.243997734353437e-14,2.0355549961366507e-13
22.0,converged,8.294886609256854e-14,2.0355549961366507e-13
25.0,converged,8.294886609256854e-14,2.0355549961366507e-13
28.0,converged,8.34577548416027e-14,2.0355549961366507e-13
31.0,converged,8.396664359063686e-14,2.0355549961366507e-13
34.0,converged,8.34577548416027e-14,2.0355549961366507e-13
37.0,converged,8.447553233967103e-14,2.0355549961366507e-13
40.0,converged,8.243997734353437e-14,2.0355549961366507e-13
43.0,converged,8.447553233967103e-14,2.0355549961366507e-13
46.0,converged,8.34577548416027e-14,2.0355549961366507e-13
49.0,converged,8.396664359063686e-14,2.0355549961366507e-13
52.0,converged,8.294886609256854e-14,2.0355549961366507e-13
55.0,converged,8.549330983773935e-14,2.0355549961366507e-13
58.0,converged,8.396664359063686e-14,2.0355549961366507e-13
61.0,converged,8.34577548416027e-14,2.0355549961366507e-13
64.0,converged,8.447553233967103e-14,2.0355549961366507e-13
67.0,converged,8.447553233967103e-14,2.0355549961366507e-13
70.0,converged,8.447553233967103e-14,2.0355549961366507e-13
73.0,converged,8.243997734353437e-14,2.0355549961366507e-13
76.0,converged,8.243997734353437e-14,2.0355549961366507e-13
79.0,oscillation,99.99129565413037,200.0905371537782
82.0,oscillation,99.99383838722824,200.09235477278622
85.0,oscillation,99.99378416410781,200.09287784419342
88.0,oscillation,99.99884870145921,200.02658588574076
91.0,oscillation,99.99172128376956,200.0874114587037
94.0,oscillation,99.99144784408871,200.08942037116446
97.0,oscillation,99.99184489081887,200.08650216631963
100.0,oscillation,99.99999999985609,199.99999999971214
103.0,oscillation,99.99375246977792,200.09318347924162
106.0,oscillation,99.99378904288973,200.0928307900699
109.0,oscillation,99.99176953204642,200.08705662362388
112.0,oscillation,99.99356206078413,200.09501811013882
115.0,converged,8.243997734353437e-14,2.0355549961366507e-13
118.0,converged,8.549330983773935e-14,2.0355549961366507e-13
121.0,converged,8.396664359063686e-14,2.0355549961366507e-13
124.0,converged,8.294886609256854e-14,2.0355549961366507e-13
127.0,converged,8.447553233967103e-14,2.0355549961366507e-13
130.0,converged,8.549330983773935e-14,2.0355549961366507e-13
133.0,converged,8.396664359063686e-14,2.0355549961366507e-13
136.0,converged,8.243997734353437e-14,2.0355549961366507e-13
139.0,converged,8.447553233967103e-14,2.0355549961366507e-13
142.0,converged,8.396664359063686e-14,2.0355549961366507e-13
145.0,converged,8.549330983773935e-14,2.0355549961366507e-13
148.0,converged,8.294886609256854e-14,2.0355549961366507e-13
151.0,converged,8.396664359063686e-14,2.0355549961366507e-13
154.0,converged,8.396664359063686e-14,2.0355549961366507e-13
157.0,converged,8.396664359063686e-14,2.0355549961366507e-13
160.0,oscillation,99.99842848975506,200.0438979246582
163.0,oscillation,99.99263250689181,200.08068513499643
166.0,converged,8.447553233967103e-14,2.0355549961366507e-13
169.0,converged,8.549330983773935e-14,2.0355549961366507e-13
172.0,converged,8.294886609256854e-14,2.0355549961366507e-13
175.0,converged,8.243997734353437e-14,2.0355549961366507e-13
178.0,converged,8.396664359063686e-14,2.0355549961366507e-13
