axis,axis_at,held_fixed,held_at,success
r_max_ratio,0.01,alpha_ratio,0.005,0.9814814814814815
r_max_ratio,0.01,alpha_ratio,0.01,0.9814814814814815
r_max_ratio,0.01,alpha_ratio,0.02,0.9814814814814815
r_max_ratio,0.01,alpha_ratio,0.05,0.9814814814814815
r_max_ratio,0.01,alpha_ratio,0.25,0.9814814814814815
r_max_ratio,0.01,alpha_ratio,4.0,0.9814814814814815
r_max_ratio,0.02,alpha_ratio,0.005,0.9965277777777778
r_max_ratio,0.02,alpha_ratio,0.01,0.9965277777777778
r_max_ratio,0.02,alpha_ratio,0.02,0.9965277777777778
r_max_ratio,0.02,alpha_ratio,0.05,0.9965277777777778
r_max_ratio,0.02,alpha_ratio,0.25,0.9965277777777778
r_max_ratio,0.02,alpha_ratio,4.0,0.9965277777777778
r_max_ratio,0.05,alpha_ratio,0.005,0.8518518518518519
r_max_ratio,0.05,alpha_ratio,0.01,0.9872685185185185
r_max_ratio,0.05,alpha_ratio,0.02,0.9942129629629629
r_max_ratio,0.05,alpha_ratio,0.05,0.9942129629629629
r_max_ratio,0.05,alpha_ratio,0.25,0.9942129629629629
r_max_ratio,0.05,alpha_ratio,4.0,0.9942129629629629
r_max_ratio,0.25,alpha_ratio,0.005,0.2951388888888889
r_max_ratio,0.25,alpha_ratio,0.01,0.6620370370370371
r_max_ratio,0.25,alpha_ratio,0.02,0.9421296296296297
r_max_ratio,0.25,alpha_ratio,0.05,0.9942129629629629
r_max_ratio,0.25,alpha_ratio,0.25,0.9953703703703703
r_max_ratio,0.25,alpha_ratio,4.0,0.9953703703703703
r_max_ratio,1.0,alpha_ratio,0.005,0.2951388888888889
r_max_ratio,1.0,alpha_ratio,0.01,0.5960648148148148
r_max_ratio,1.0,alpha_ratio,0.02,0.8981481481481481
r_max_ratio,1.0,alpha_ratio,0.05,0.9930555555555556
r_max_ratio,1.0,alpha_ratio,0.25,0.9988425925925926
r_max_ratio,1.0,alpha_ratio,4.0,1.0
r_max_ratio,0.01,tau_ratio,1.0,1.0
r_max_ratio,0.01,tau_ratio,2.0,1.0
r_max_ratio,0.01,tau_ratio,4.0,1.0
r_max_ratio,0.01,tau_ratio,8.0,1.0
r_max_ratio,0.01,tau_ratio,16.0,1.0
r_max_ratio,0.01,tau_ratio,32.0,0.8888888888888888
r_max_ratio,0.02,tau_ratio,1.0,1.0
r_max_ratio,0.02,tau_ratio,2.0,1.0
r_max_ratio,0.02,tau_ratio,4.0,1.0
r_max_ratio,0.02,tau_ratio,8.0,1.0
r_max_ratio,0.02,tau_ratio,16.0,1.0
r_max_ratio,0.02,tau_ratio,32.0,0.9791666666666666
r_max_ratio,0.05,tau_ratio,1.0,0.9409722222222222
r_max_ratio,0.05,tau_ratio,2.0,0.9513888888888888
r_max_ratio,0.05,tau_ratio,4.0,0.9583333333333334
r_max_ratio,0.05,tau_ratio,8.0,1.0
r_max_ratio,0.05,tau_ratio,16.0,1.0
r_max_ratio,0.05,tau_ratio,32.0,0.9652777777777778
r_max_ratio,0.25,tau_ratio,1.0,0.7962962962962963
r_max_ratio,0.25,tau_ratio,2.0,0.7997685185185185
r_max_ratio,0.25,tau_ratio,4.0,0.8020833333333334
r_max_ratio,0.25,tau_ratio,8.0,0.8090277777777778
r_max_ratio,0.25,tau_ratio,16.0,0.8206018518518519
r_max_ratio,0.25,tau_ratio,32.0,0.8564814814814815
r_max_ratio,1.0,tau_ratio,1.0,0.7974537037037037
r_max_ratio,1.0,tau_ratio,2.0,0.7986111111111112
r_max_ratio,1.0,tau_ratio,4.0,0.7997685185185185
r_max_ratio,1.0,tau_ratio,8.0,0.7905092592592593
r_max_ratio,1.0,tau_ratio,16.0,0.7951388888888888
r_max_ratio,1.0,tau_ratio,32.0,0.7997685185185185
alpha_ratio,0.005,r_max_ratio,0.01,0.9814814814814815
alpha_ratio,0.005,r_max_ratio,0.02,0.9965277777777778
alpha_ratio,0.005,r_max_ratio,0.05,0.8518518518518519
alpha_ratio,0.005,r_max_ratio,0.25,0.2951388888888889
alpha_ratio,0.005,r_max_ratio,1.0,0.2951388888888889
alpha_ratio,0.01,r_max_ratio,0.01,0.9814814814814815
alpha_ratio,0.01,r_max_ratio,0.02,0.9965277777777778
alpha_ratio,0.01,r_max_ratio,0.05,0.9872685185185185
alpha_ratio,0.01,r_max_ratio,0.25,0.6620370370370371
alpha_ratio,0.01,r_max_ratio,1.0,0.5960648148148148
alpha_ratio,0.02,r_max_ratio,0.01,0.9814814814814815
alpha_ratio,0.02,r_max_ratio,0.02,0.9965277777777778
alpha_ratio,0.02,r_max_ratio,0.05,0.9942129629629629
alpha_ratio,0.02,r_max_ratio,0.25,0.9421296296296297
alpha_ratio,0.02,r_max_ratio,1.0,0.8981481481481481
alpha_ratio,0.05,r_max_ratio,0.01,0.9814814814814815
alpha_ratio,0.05,r_max_ratio,0.02,0.9965277777777778
alpha_ratio,0.05,r_max_ratio,0.05,0.9942129629629629
alpha_ratio,0.05,r_max_ratio,0.25,0.9942129629629629
alpha_ratio,0.05,r_max_ratio,1.0,0.9930555555555556
alpha_ratio,0.25,r_max_ratio,0.01,0.9814814814814815
alpha_ratio,0.25,r_max_ratio,0.02,0.9965277777777778
alpha_ratio,0.25,r_max_ratio,0.05,0.9942129629629629
alpha_ratio,0.25,r_max_ratio,0.25,0.9953703703703703
alpha_ratio,0.25,r_max_ratio,1.0,0.9988425925925926
alpha_ratio,4.0,r_max_ratio,0.01,0.9814814814814815
alpha_ratio,4.0,r_max_ratio,0.02,0.9965277777777778
alpha_ratio,4.0,r_max_ratio,0.05,0.9942129629629629
alpha_ratio,4.0,r_max_ratio,0.25,0.9953703703703703
alpha_ratio,4.0,r_max_ratio,1.0,1.0
alpha_ratio,0.005,tau_ratio,1.0,0.6541666666666667
alpha_ratio,0.005,tau_ratio,2.0,0.6694444444444444
alpha_ratio,0.005,tau_ratio,4.0,0.6666666666666666
alpha_ratio,0.005,tau_ratio,8.0,0.7138888888888889
alpha_ratio,0.005,tau_ratio,16.0,0.7166666666666667
alpha_ratio,0.005,tau_ratio,32.0,0.6833333333333333
alpha_ratio,0.01,tau_ratio,1.0,0.8277777777777777
alpha_ratio,0.01,tau_ratio,2.0,0.8388888888888889
alpha_ratio,0.01,tau_ratio,4.0,0.8416666666666667
alpha_ratio,0.01,tau_ratio,8.0,0.8361111111111111
alpha_ratio,0.01,tau_ratio,16.0,0.8444444444444444
alpha_ratio,0.01,tau_ratio,32.0,0.8791666666666667
alpha_ratio,0.02,tau_ratio,1.0,0.9611111111111111
alpha_ratio,0.02,tau_ratio,2.0,0.9527777777777777
alpha_ratio,0.02,tau_ratio,4.0,0.9666666666666667
alpha_ratio,0.02,tau_ratio,8.0,0.9722222222222222
alpha_ratio,0.02,tau_ratio,16.0,0.9805555555555555
alpha_ratio,0.02,tau_ratio,32.0,0.9416666666666667
alpha_ratio,0.05,tau_ratio,1.0,0.9986111111111111
alpha_ratio,0.05,tau_ratio,2.0,1.0
alpha_ratio,0.05,tau_ratio,4.0,0.9972222222222222
alpha_ratio,0.05,tau_ratio,8.0,0.9972222222222222
alpha_ratio,0.05,tau_ratio,16.0,0.9972222222222222
alpha_ratio,0.05,tau_ratio,32.0,0.9611111111111111
alpha_ratio,0.25,tau_ratio,1.0,1.0
alpha_ratio,0.25,tau_ratio,2.0,0.9986111111111111
alpha_ratio,0.25,tau_ratio,4.0,1.0
alpha_ratio,0.25,tau_ratio,8.0,1.0
alpha_ratio,0.25,tau_ratio,16.0,1.0
alpha_ratio,0.25,tau_ratio,32.0,0.9611111111111111
alpha_ratio,4.0,tau_ratio,1.0,1.0
alpha_ratio,4.0,tau_ratio,2.0,1.0
alpha_ratio,4.0,tau_ratio,4.0,1.0
alpha_ratio,4.0,tau_ratio,8.0,1.0
alpha_ratio,4.0,tau_ratio,16.0,1.0
alpha_ratio,4.0,tau_ratio,32.0,0.9611111111111111
tau_ratio,1.0,r_max_ratio,0.01,1.0
tau_ratio,1.0,r_max_ratio,0.02,1.0
tau_ratio,1.0,r_max_ratio,0.05,0.9409722222222222
tau_ratio,1.0,r_max_ratio,0.25,0.7962962962962963
tau_ratio,1.0,r_max_ratio,1.0,0.7974537037037037
tau_ratio,2.0,r_max_ratio,0.01,1.0
tau_ratio,2.0,r_max_ratio,0.02,1.0
tau_ratio,2.0,r_max_ratio,0.05,0.9513888888888888
tau_ratio,2.0,r_max_ratio,0.25,0.7997685185185185
tau_ratio,2.0,r_max_ratio,1.0,0.7986111111111112
tau_ratio,4.0,r_max_ratio,0.01,1.0
tau_ratio,4.0,r_max_ratio,0.02,1.0
tau_ratio,4.0,r_max_ratio,0.05,0.9583333333333334
tau_ratio,4.0,r_max_ratio,0.25,0.8020833333333334
tau_ratio,4.0,r_max_ratio,1.0,0.7997685185185185
tau_ratio,8.0,r_max_ratio,0.01,1.0
tau_ratio,8.0,r_max_ratio,0.02,1.0
tau_ratio,8.0,r_max_ratio,0.05,1.0
tau_ratio,8.0,r_max_ratio,0.25,0.8090277777777778
tau_ratio,8.0,r_max_ratio,1.0,0.7905092592592593
tau_ratio,16.0,r_max_ratio,0.01,1.0
tau_ratio,16.0,r_max_ratio,0.02,1.0
tau_ratio,16.0,r_max_ratio,0.05,1.0
tau_ratio,16.0,r_max_ratio,0.25,0.8206018518518519
tau_ratio,16.0,r_max_ratio,1.0,0.7951388888888888
tau_ratio,32.0,r_max_ratio,0.01,0.8888888888888888
tau_ratio,32.0,r_max_ratio,0.02,0.9791666666666666
tau_ratio,32.0,r_max_ratio,0.05,0.9652777777777778
tau_ratio,32.0,r_max_ratio,0.25,0.8564814814814815
tau_ratio,32.0,r_max_ratio,1.0,0.7997685185185185
tau_ratio,1.0,alpha_ratio,0.005,0.6541666666666667
tau_ratio,1.0,alpha_ratio,0.01,0.8277777777777777
tau_ratio,1.0,alpha_ratio,0.02,0.9611111111111111
tau_ratio,1.0,alpha_ratio,0.05,0.9986111111111111
tau_ratio,1.0,alpha_ratio,0.25,1.0
tau_ratio,1.0,alpha_ratio,4.0,1.0
tau_ratio,2.0,alpha_ratio,0.005,0.6694444444444444
tau_ratio,2.0,alpha_ratio,0.01,0.8388888888888889
tau_ratio,2.0,alpha_ratio,0.02,0.9527777777777777
tau_ratio,2.0,alpha_ratio,0.05,1.0
tau_ratio,2.0,alpha_ratio,0.25,0.9986111111111111
tau_ratio,2.0,alpha_ratio,4.0,1.0
tau_ratio,4.0,alpha_ratio,0.005,0.6666666666666666
tau_ratio,4.0,alpha_ratio,0.01,0.8416666666666667
tau_ratio,4.0,alpha_ratio,0.02,0.9666666666666667
tau_ratio,4.0,alpha_ratio,0.05,0.9972222222222222
tau_ratio,4.0,alpha_ratio,0.25,1.0
tau_ratio,4.0,alpha_ratio,4.0,1.0
tau_ratio,8.0,alpha_ratio,0.005,0.7138888888888889
tau_ratio,8.0,alpha_ratio,0.01,0.8361111111111111
tau_ratio,8.0,alpha_ratio,0.02,0.9722222222222222
tau_ratio,8.0,alpha_ratio,0.05,0.9972222222222222
tau_ratio,8.0,alpha_ratio,0.25,1.0
tau_ratio,8.0,alpha_ratio,4.0,1.0
tau_ratio,16.0,alpha_ratio,0.005,0.7166666666666667
tau_ratio,16.0,alpha_ratio,0.01,0.8444444444444444
tau_ratio,16.0,alpha_ratio,0.02,0.9805555555555555
tau_ratio,16.0,alpha_ratio,0.05,0.9972222222222222
tau_ratio,16.0,alpha_ratio,0.25,1.0
tau_ratio,16.0,alpha_ratio,4.0,1.0
tau_ratio,32.0,alpha_ratio,0.005,0.6833333333333333
tau_ratio,32.0,alpha_ratio,0.01,0.8791666666666667
tau_ratio,32.0,alpha_ratio,0.02,0.9416666666666667
tau_ratio,32.0,alpha_ratio,0.05,0.9611111111111111
tau_ratio,32.0,alpha_ratio,0.25,0.9611111111111111
tau_ratio,32.0,alpha_ratio,4.0,0.9611111111111111
