r_max_ratio,alpha_ratio,tau_ratio,success_rate
0.01,0.005,1.0,1.0
0.01,0.005,2.0,1.0
0.01,0.005,4.0,1.0
0.01,0.005,8.0,1.0
0.01,0.005,16.0,1.0
0.01,0.005,32.0,0.8888888888888888
0.01,0.01,1.0,1.0
0.01,0.01,2.0,1.0
0.01,0.01,4.0,1.0
0.01,0.01,8.0,1.0
0.01,0.01,16.0,1.0
0.01,0.01,32.0,0.8888888888888888
0.01,0.02,1.0,1.0
0.01,0.02,2.0,1.0
0.01,0.02,4.0,1.0
0.01,0.02,8.0,1.0
0.01,0.02,16.0,1.0
0.01,0.02,32.0,0.8888888888888888
0.01,0.05,1.0,1.0
0.01,0.05,2.0,1.0
0.01,0.05,4.0,1.0
0.01,0.05,8.0,1.0
0.01,0.05,16.0,1.0
0.01,0.05,32.0,0.8888888888888888
0.01,0.25,1.0,1.0
0.01,0.25,2.0,1.0
0.01,0.25,4.0,1.0
0.01,0.25,8.0,1.0
0.01,0.25,16.0,1.0
0.01,0.25,32.0,0.8888888888888888
0.01,4.0,1.0,1.0
0.01,4.0,2.0,1.0
0.01,4.0,4.0,1.0
0.01,4.0,8.0,1.0
0.01,4.0,16.0,1.0
0.01,4.0,32.0,0.8888888888888888
0.02,0.005,1.0,1.0
0.02,0.005,2.0,1.0
0.02,0.005,4.0,1.0
0.02,0.005,8.0,1.0
0.02,0.005,16.0,1.0
0.02,0.005,32.0,0.9791666666666666
0.02,0.01,1.0,1.0
0.02,0.01,2.0,1.0
0.02,0.01,4.0,1.0
0.02,0.01,8.0,1.0
0.02,0.01,16.0,1.0
0.02,0.01,32.0,0.9791666666666666
0.02,0.02,1.0,1.0
0.02,0.02,2.0,1.0
0.02,0.02,4.0,1.0
0.02,0.02,8.0,1.0
0.02,0.02,16.0,1.0
0.02,0.02,32.0,0.9791666666666666
0.02,0.05,1.0,1.0
0.02,0.05,2.0,1.0
0.02,0.05,4.0,1.0
0.02,0.05,8.0,1.0
0.02,0.05,16.0,1.0
0.02,0.05,32.0,0.9791666666666666
0.02,0.25,1.0,1.0
0.02,0.25,2.0,1.0
0.02,0.25,4.0,1.0
0.02,0.25,8.0,1.0
0.02,0.25,16.0,1.0
0.02,0.25,32.0,0.9791666666666666
0.02,4.0,1.0,1.0
0.02,4.0,2.0,1.0
0.02,4.0,4.0,1.0
0.02,4.0,8.0,1.0
0.02,4.0,16.0,1.0
0.02,4.0,32.0,0.9791666666666666
0.05,0.005,1.0,0.6736111111111112
0.05,0.005,2.0,0.7222222222222222
0.05,0.005,4.0,0.75
0.05,0.005,8.0,1.0
0.05,0.005,16.0,1.0
0.05,0.005,32.0,0.9652777777777778
0.05,0.01,1.0,0.9722222222222222
0.05,0.01,2.0,0.9861111111111112
0.05,0.01,4.0,1.0
0.05,0.01,8.0,1.0
0.05,0.01,16.0,1.0
0.05,0.01,32.0,0.9652777777777778
0.05,0.02,1.0,1.0
0.05,0.02,2.0,1.0
0.05,0.02,4.0,1.0
0.05,0.02,8.0,1.0
0.05,0.02,16.0,1.0
0.05,0.02,32.0,0.9652777777777778
0.05,0.05,1.0,1.0
0.05,0.05,2.0,1.0
0.05,0.05,4.0,1.0
0.05,0.05,8.0,1.0
0.05,0.05,16.0,1.0
0.05,0.05,32.0,0.9652777777777778
0.05,0.25,1.0,1.0
0.05,0.25,2.0,1.0
0.05,0.25,4.0,1.0
0.05,0.25,8.0,1.0
0.05,0.25,16.0,1.0
0.05,0.25,32.0,0.9652777777777778
0.05,4.0,1.0,1.0
0.05,4.0,2.0,1.0
0.05,4.0,4.0,1.0
0.05,4.0,8.0,1.0
0.05,4.0,16.0,1.0
0.05,4.0,32.0,0.9652777777777778
0.25,0.005,1.0,0.2986111111111111
0.25,0.005,2.0,0.3125
0.25,0.005,4.0,0.2916666666666667
0.25,0.005,8.0,0.2847222222222222
0.25,0.005,16.0,0.2916666666666667
0.25,0.005,32.0,0.2916666666666667
0.25,0.01,1.0,0.5833333333333334
0.25,0.01,2.0,0.6041666666666666
0.25,0.01,4.0,0.6041666666666666
0.25,0.01,8.0,0.5902777777777778
0.25,0.01,16.0,0.6319444444444444
0.25,0.01,32.0,0.9583333333333334
0.25,0.02,1.0,0.9027777777777778
0.25,0.02,2.0,0.8819444444444444
0.25,0.02,4.0,0.9166666666666666
0.25,0.02,8.0,0.9791666666666666
0.25,0.02,16.0,1.0
0.25,0.02,32.0,0.9722222222222222
0.25,0.05,1.0,0.9930555555555556
0.25,0.05,2.0,1.0
0.25,0.05,4.0,1.0
0.25,0.05,8.0,1.0
0.25,0.05,16.0,1.0
0.25,0.05,32.0,0.9722222222222222
0.25,0.25,1.0,1.0
0.25,0.25,2.0,1.0
0.25,0.25,4.0,1.0
0.25,0.25,8.0,1.0
0.25,0.25,16.0,1.0
0.25,0.25,32.0,0.9722222222222222
0.25,4.0,1.0,1.0
0.25,4.0,2.0,1.0
0.25,4.0,4.0,1.0
0.25,4.0,8.0,1.0
0.25,4.0,16.0,1.0
0.25,4.0,32.0,0.9722222222222222
1.0,0.005,1.0,0.2986111111111111
1.0,0.005,2.0,0.3125
1.0,0.005,4.0,0.2916666666666667
1.0,0.005,8.0,0.2847222222222222
1.0,0.005,16.0,0.2916666666666667
1.0,0.005,32.0,0.2916666666666667
1.0,0.01,1.0,0.5833333333333334
1.0,0.01,2.0,0.6041666666666666
1.0,0.01,4.0,0.6041666666666666
1.0,0.01,8.0,0.5902777777777778
1.0,0.01,16.0,0.5902777777777778
1.0,0.01,32.0,0.6041666666666666
1.0,0.02,1.0,0.9027777777777778
1.0,0.02,2.0,0.8819444444444444
1.0,0.02,4.0,0.9166666666666666
1.0,0.02,8.0,0.8819444444444444
1.0,0.02,16.0,0.9027777777777778
1.0,0.02,32.0,0.9027777777777778
1.0,0.05,1.0,1.0
1.0,0.05,2.0,1.0
1.0,0.05,4.0,0.9861111111111112
1.0,0.05,8.0,0.9861111111111112
1.0,0.05,16.0,0.9861111111111112
1.0,0.05,32.0,1.0
1.0,0.25,1.0,1.0
1.0,0.25,2.0,0.9930555555555556
1.0,0.25,4.0,1.0
1.0,0.25,8.0,1.0
1.0,0.25,16.0,1.0
1.0,0.25,32.0,1.0
1.0,4.0,1.0,1.0
1.0,4.0,2.0,1.0
1.0,4.0,4.0,1.0
1.0,4.0,8.0,1.0
1.0,4.0,16.0,1.0
1.0,4.0,32.0,1.0
