t,turn,bearing,cue_valid,mean_rate,v_mean,dist,episode,condition
0,-2.3012078600004315e-05,-19.474632812438927,True,0.008935434743762016,0.007982931099832058,12.0358635881824,0,carried
1,-0.0006589251570403576,-11.596726365509365,True,0.012259828858077526,0.012288762256503105,11.996646346842894,0,carried
2,-0.0007034661248326302,,False,0.012658944353461266,0.012554573826491833,12.062146547169883,0,carried
3,-0.0006527639925479889,,False,0.012501479126513004,0.012398194521665573,12.076869102861616,0,carried
4,-0.000702067743986845,-38.98936244077938,True,0.012267932295799255,0.012182874605059624,11.951657572846486,0,carried
5,-0.0006993846036493778,,False,0.012721706181764603,0.012611357495188713,12.136527595279917,0,carried
6,-0.0006594499573111534,,False,0.012507405132055283,0.012404059059917927,12.112667603113968,0,carried
7,-0.0007021171040832996,,False,0.01231853011995554,0.012233356945216656,11.98422682449674,0,carried
8,-0.0006940229795873165,,False,0.012808811850845814,0.012692652642726898,12.180637596124168,0,carried
9,-0.0006675445474684238,,False,0.012498286552727222,0.01239359937608242,12.111616288177617,0,carried
10,-0.0007034377194941044,,False,0.012362961657345295,0.012279127724468708,12.013658505151735,0,carried
11,-0.0006841043941676617,,False,0.012861555442214012,0.012744576670229435,12.213642282338224,0,carried
12,-0.0006605973467230797,,False,0.012505417689681053,0.012406433932483196,12.102652148617384,0,carried
13,-0.0006920313462615013,,False,0.012346590869128704,0.012262004427611828,12.056570420955248,0,carried
14,-0.0006642816588282585,,False,0.012786096893250942,0.012671390548348427,12.245579325393317,0,carried
15,-0.000667923130095005,29.698305418156544,True,0.01230948232114315,0.012215071357786655,12.071794138791766,0,carried
16,-0.000713658519089222,,False,0.012412109412252903,0.012320514768362045,12.109786500224178,0,carried
17,-0.0006609335541725159,,False,0.01270496379584074,0.012592759914696217,12.271995461987023,0,carried
18,-0.0006752302870154381,11.666188699798424,True,0.012355337850749493,0.012259912677109241,12.076207780564866,0,carried
19,-0.0006930176168680191,,False,0.012563872151076794,0.012465961277484894,12.165198870446153,0,carried
20,-0.0006569409742951393,,False,0.0126350624486804,0.012524195946753025,12.270584936919903,0,carried
21,-0.0006856238469481468,-12.384398244996316,True,0.012320575304329395,0.012227649800479412,12.075000749107977,0,carried
22,-0.0006868746131658554,,False,0.012638559564948082,0.012534177862107754,12.220758346209276,0,carried
23,-0.0006506061181426048,,False,0.012563526630401611,0.012458438985049725,12.253717399518798,0,carried
24,-0.0006933799013495445,-37.26104635885105,True,0.012276241555809975,0.012189378961920738,12.093302669613076,0,carried
25,-0.0006953366100788116,,False,0.01276698149740696,0.012654411606490612,12.279714349836706,0,carried
26,-0.0006568524986505508,,False,0.01251324824988842,0.012409829534590244,12.24695284525463,0,carried
27,-0.0006991755217313766,,False,0.012387714348733425,0.012300646863877773,12.128085566631455,0,carried
28,-0.000683971680700779,,False,0.012848436832427979,0.012730826623737812,12.326841956244962,0,carried
29,-0.0006565367802977562,,False,0.012525398284196854,0.012423806823790073,12.232589423881068,0,carried
30,-0.000687827356159687,,False,0.012383720837533474,0.012295878492295742,12.172283123846208,0,carried
31,-0.0006655389443039894,,False,0.01283201202750206,0.012716361321508884,12.36423502824213,0,carried
32,-0.0006623389199376106,32.9250832995862,True,0.012360528111457825,0.012263727374374866,12.196252482312014,0,carried
33,-0.0007075481116771698,,False,0.012447063811123371,0.012355571612715721,12.229758682021211,0,carried
34,-0.0006580939516425133,,False,0.01272368710488081,0.01261063665151596,12.39034088708969,0,carried
35,-0.0006731115281581879,9.87428727281379,True,0.012378960847854614,0.012280539609491825,12.193380679084557,0,carried
36,-0.0006932681426405907,,False,0.012596606276929379,0.012497495859861374,12.290123484416103,0,carried
37,-0.000652010552585125,,False,0.012651355005800724,0.01253975834697485,12.388293009463501,0,carried
38,-0.0006849532946944237,-16.538721481470965,True,0.01234101690351963,0.012247501872479916,12.19621931739893,0,carried
39,-0.0006838329136371613,,False,0.012678071856498718,0.012571001425385475,12.35195404263132,0,carried
40,-0.0006480300799012184,,False,0.012563202530145645,0.012456867843866348,12.366308249712265,0,carried
41,-0.0006926637142896652,-43.09719649945841,True,0.012348472140729427,0.012258638627827168,12.21994800603027,0,carried
42,-0.0006893398240208626,,False,0.012811773456633091,0.012695933692157269,12.41338331020158,0,carried
43,-0.0006637899205088615,,False,0.012545928359031677,0.012439500540494919,12.351646275137398,0,carried
44,-0.0006973706185817719,,False,0.012418480589985847,0.012329799123108387,12.250881505110325,0,carried
45,-0.000677044503390789,,False,0.012884535826742649,0.012766152620315552,12.450876429836258,0,carried
46,-0.000657680444419384,,False,0.012549437582492828,0.012446204200387001,12.329714524377072,0,carried
47,-0.0006856033578515053,,False,0.012411045841872692,0.01232072152197361,12.299407280821212,0,carried
48,-0.000649760477244854,,False,0.012766233645379543,0.01265153381973505,12.479396862536547,0,carried
49,-0.000670689158141613,17.803224370455556,True,0.012367607094347477,0.012271306477487087,12.289040155795947,0,carried
50,-0.000690557062625885,,False,0.012553482316434383,0.012456344440579414,12.363504672546764,0,carried
51,-0.0006639361381530762,,False,0.0126621313393116,0.012551048770546913,12.479596452390986,0,carried
52,-0.0006778677925467491,-6.2097269683724114,True,0.012370334938168526,0.012278418987989426,12.280672372833086,0,carried
53,-0.0006897486746311188,,False,0.012653274461627007,0.012550383806228638,12.417832808472545,0,carried
54,-0.0006488235667347908,,False,0.012579746544361115,0.01247484888881445,12.465980290448753,0,carried
55,-0.0006938064470887184,-33.408364742152585,True,0.012320911511778831,0.012229249812662601,12.297912883369088,0,carried
56,-0.0006936704739928246,,False,0.012748369947075844,0.012637671083211899,12.478820005154727,0,carried
57,-0.000655793584883213,,False,0.012542685493826866,0.012437711469829082,12.457795720228454,0,carried
58,-0.0006945077329874039,,False,0.012387624941766262,0.012298510409891605,12.33054637200026,0,carried
59,-0.000685371458530426,,False,0.012862980365753174,0.0127455098554492,12.528674111752514,0,carried
60,-0.000656559132039547,,False,0.01254252903163433,0.01243869960308075,12.44039707403801,0,carried
61,-0.000691218301653862,,False,0.0124201076105237,0.012330659665167332,12.37365576531321,0,carried
62,-0.0006687669083476067,,False,0.01285178679972887,0.01273399405181408,12.568360986264096,0,carried
63,-0.0006601614877581596,37.156951406604286,True,0.012433821335434914,0.0123337646946311,12.408785649928367,0,carried
64,-0.0007029622793197632,,False,0.012431936338543892,0.01233806274831295,12.430255146783203,0,carried
65,-0.0006533442065119743,,False,0.012745735235512257,0.012631561607122421,12.594686447021505,0,carried
66,-0.000674092210829258,10.121706383486037,True,0.012404780834913254,0.012304251082241535,12.397875513967254,0,carried
67,-0.0006910543888807297,,False,0.01260427851229906,0.012505014427006245,12.49282454965175,0,carried
68,-0.0006557395681738853,,False,0.012663292698562145,0.012550754472613335,12.590455321956128,0,carried
69,-0.0006812438368797302,-15.514480609976822,True,0.01236952655017376,0.01227527391165495,12.39733798848959,0,carried
70,-0.0006898092105984688,,False,0.012673811055719852,0.012567303143441677,12.55339872201928,0,carried
71,-0.0006475131958723068,,False,0.012566428631544113,0.012461391277611256,12.574366660830247,0,carried
72,-0.0006960276514291763,-41.869134815740175,True,0.012377812527120113,0.012286531738936901,12.423955712015948,0,carried
73,-0.000688391737639904,,False,0.012781001627445221,0.012666217982769012,12.614590280952534,0,carried
74,-0.0006682872772216797,,False,0.012562902644276619,0.012456817552447319,12.56132900158832,0,carried
75,-0.0006933305412530899,,False,0.0124342180788517,0.012342888861894608,12.448458201317408,0,carried
76,-0.0006801364943385124,,False,0.012893501669168472,0.012775381095707417,12.648295768423154,0,carried
77,-0.0006551770493388176,,False,0.012537902221083641,0.012435128912329674,12.537859547637984,0,carried
78,-0.0006836596876382828,,False,0.012448253110051155,0.012358310632407665,12.497477343431731,0,carried
79,-0.0006530843675136566,,False,0.012771626934409142,0.01265438087284565,12.680760761708642,0,carried
80,-0.0006686849519610405,21.234162578894235,True,0.012373960576951504,0.012277498841285706,12.494381513139897,0,carried
81,-0.0006941463798284531,,False,0.012533485889434814,0.012433627620339394,12.559898952397111,0,carried
82,-0.0006680525839328766,,False,0.012704173102974892,0.012591393664479256,12.686919111410672,0,carried
83,-0.0006768247112631798,-0.8485164348814408,True,0.012413036078214645,0.012315155938267708,12.486928930439381,0,carried
84,-0.0006890054792165756,,False,0.012649656273424625,0.01254834234714508,12.610765551022102,0,carried
85,-0.000650954432785511,,False,0.012623420916497707,0.012515004724264145,12.674816558851154,0,carried
86,-0.0006883498281240463,-27.85253078137966,True,0.012350068427622318,0.012256896123290062,12.49712420968229,0,carried
87,-0.0006946912035346031,,False,0.012745955027639866,0.012636582367122173,12.67223830703522,0,carried
88,-0.0006506806239485741,,False,0.01256572362035513,0.012459639459848404,12.665040060050014,0,carried
89,-0.000696621835231781,,False,0.012420419603586197,0.012330236844718456,12.531893665125132,0,carried
90,-0.0006832731887698174,,False,0.012847648933529854,0.012731854803860188,12.728355102344047,0,carried
91,-0.000662071630358696,,False,0.012564390897750854,0.012458848766982555,12.647049945353388,0,carried
92,-0.000692673958837986,,False,0.012433755211532116,0.012343467213213444,12.566934805148598,0,carried
93,-0.0006765648722648621,,False,0.012887483462691307,0.012769876047968864,12.764680257870758,0,carried
94,-0.0006550420075654984,43.65665872134878,True,0.012526827864348888,0.012423702515661716,12.621680467349316,0,carried
95,-0.000695391558110714,,False,0.012443841435015202,0.01235207449644804,12.623752812802058,0,carried
96,-0.0006472328677773476,,False,0.01274033822119236,0.012625386007130146,12.793820481652192,0,carried
97,-0.0006748074665665627,10.892020582053117,True,0.012437890283763409,0.01233607903122902,12.597544205318743,0,carried
98,-0.0006878366693854332,,False,0.01260205265134573,0.012500660493969917,12.689153949538062,0,carried
99,-0.0006571188569068909,,False,0.0126862907782197,0.012572679668664932,12.786698117121034,0,carried
0,-2.3012078600004315e-05,-19.474632812438927,True,0.008935434743762016,0.007982931099832058,12.0358635881824,0,reset
1,-1.2822012649849057e-05,-11.596726365509365,True,0.008936022408306599,0.007983505725860596,11.996646346842894,0,reset
2,-1.0104529792442918e-05,-7.234363933427945,True,0.008944617584347725,0.007994120009243488,11.917240572602724,0,reset
3,-7.599650416523218e-06,-3.796954156970202,True,0.008928492665290833,0.007978970184922218,11.797471531418665,0,reset
4,-6.640009814873338e-06,-1.2711208405721708,True,0.00892806425690651,0.007976961322128773,11.637494337408713,0,reset
5,-8.38516280055046e-06,0.9923746887812942,True,0.008906937204301357,0.007955815643072128,11.437547413883895,0,reset
6,-5.27786323800683e-06,3.94536286469303,True,0.00886292289942503,0.007914862595498562,11.238097745607195,0,reset
7,-5.778798367828131e-06,5.864916271166076,True,0.008840899914503098,0.007894104346632957,11.039251918116785,0,reset
8,-5.5183772929012775e-06,7.997087685245465,True,0.008859229274094105,0.00791377853602171,10.841334415225637,0,reset
9,-3.878434654325247e-06,10.080373971442578,True,0.008828658610582352,0.007885286584496498,10.644584672351861,0,reset
10,-3.0106166377663612e-06,11.63168036540826,True,0.00878226663917303,0.007841278798878193,10.448871701747724,0,reset
11,-4.292174708098173e-06,12.955249767202076,True,0.008779892697930336,0.007839805446565151,10.254121896041365,0,reset
12,-2.582324668765068e-06,14.799855328116632,True,0.008725491352379322,0.007789470721036196,10.060850064304526,0,reset
13,6.46570697426796e-07,16.083679468637033,True,0.008697434328496456,0.0077641867101192474,9.868690297702122,0,reset
14,5.468609742820263e-07,16.185357275871787,True,0.008659572340548038,0.007727187126874924,9.676628237212913,0,reset
15,8.291099220514297e-07,16.33067367598605,True,0.008598633110523224,0.007670984137803316,9.484706763531017,0,reset
16,-4.196772351861e-07,16.386783383632487,True,0.00857304222881794,0.007647748105227947,9.29283985025197,0,reset
17,2.2663152776658535e-06,17.01550311596649,True,0.008527877740561962,0.007605036720633507,9.101470378303501,0,reset
18,2.169865183532238e-06,16.5959495300781,True,0.008490662090480328,0.007569195702672005,8.90968236850053,0,reset
19,-8.141505531966686e-07,16.20900078177573,True,0.008395527489483356,0.007481513544917107,8.717517226715923,0,reset
20,-9.730574674904346e-07,16.871737956754146,True,0.008344365283846855,0.0074368310160934925,8.525994714812892,0,reset
21,9.76724550127983e-07,17.667398264060733,True,0.008284218609333038,0.007382985204458237,8.335221672439205,0,reset
22,-4.479370545595884e-06,17.751533860710943,True,0.008210772648453712,0.007315655704587698,8.144530457809433,0,reset
23,-2.775108441710472e-06,19.807608637187762,True,0.008185452781617641,0.007290930952876806,7.956045388529656,0,reset
24,-3.707245923578739e-07,21.287963672594124,True,0.008081721141934395,0.0071933092549443245,7.7693167912339405,0,reset
25,-1.7052516341209412e-06,21.969430044832464,True,0.008015193976461887,0.007133211940526962,7.583430717539784,0,reset
26,-1.058157067745924e-06,23.15322790749294,True,0.007978268899023533,0.007101952098309994,7.399074141227115,0,reset
27,5.613255780190229e-06,24.154076549909234,True,0.007925886660814285,0.007049883250147104,7.216065754184847,0,reset
28,3.356428351253271e-06,22.839163599580615,True,0.007920431904494762,0.007042269222438335,7.031266458586792,0,reset
29,-2.883200068026781e-06,22.30397962620258,True,0.007999792695045471,0.007114213891327381,6.845757569899341,0,reset
30,-6.211979780346155e-06,23.98118979983816,True,0.008028516545891762,0.007142721209675074,6.662462356538554,0,reset
31,-3.699620719999075e-06,26.90480391129955,True,0.007987184450030327,0.0071038659662008286,6.483392464186548,0,reset
32,-5.375710316002369e-06,29.043337545171735,True,0.008005690760910511,0.007119180168956518,6.307686434347879,0,reset
33,-4.864297807216644e-06,31.862417481178795,True,0.008010834455490112,0.007127384655177593,6.13677362473271,0,reset
34,2.1770247258245945e-06,34.60864122509164,True,0.008009002543985844,0.007126885000616312,5.970902516604453,0,reset
35,5.015288479626179e-06,34.965098422573675,True,0.008068103343248367,0.007182540837675333,5.8056749330038295,0,reset
36,1.1267024092376232e-05,34.356075098302156,True,0.008137491531670094,0.007247157860547304,5.639236162652014,0,reset
37,2.2058025933802128e-05,31.537105795027674,True,0.00831195991486311,0.0074185836128890514,5.467599530744369,0,reset
38,3.1794479582458735e-05,24.808182057189722,True,0.008424603380262852,0.007536199875175953,5.28527871429216,0,reset
39,4.8570160288363695e-05,14.3766298473607,True,0.008357971906661987,0.00747691048309207,5.091261330067742,0,reset
40,2.3876375053077936e-05,-2.4847935585360403,True,0.008092241361737251,0.007235895376652479,4.891440479096666,0,reset
41,-2.43412796407938e-06,-11.186803845632467,True,0.007966089993715286,0.007121192291378975,4.695052923452958,0,reset
42,-9.636860340833664e-07,-10.808423893702404,True,0.007868693210184574,0.007038855459541082,4.498416806814912,0,reset
43,2.7624773792922497e-06,-10.965453107779402,True,0.007784081157296896,0.006966388784348965,4.301868652042276,0,reset
44,1.2168311513960361e-06,-12.504657366856335,True,0.007717807777225971,0.006912435404956341,4.10633913432834,0,reset
45,-1.5582190826535225e-07,-13.590668958419421,True,0.007593594957143068,0.0068108029663562775,3.9115970714166095,0,reset
46,2.1624146029353142e-07,-14.270246635121293,True,0.007540090009570122,0.006767989136278629,3.717367545823296,0,reset
47,7.111928425729275e-06,-15.166053111090507,True,0.007430742960423231,0.006676064804196358,3.5238507978955362,0,reset
48,3.925524652004242e-06,-18.697772442459158,True,0.007276757154613733,0.006543810945004225,3.333626138629434,0,reset
49,-5.091133061796427e-06,-21.3429401484598,True,0.00715316366404295,0.006444534752517939,3.146255411118635,0,reset
50,3.009976353496313e-06,-20.905770346805532,True,0.006993365939706564,0.006310381926596165,2.958292537862996,0,reset
51,-4.266621544957161e-06,-23.553536593891764,True,0.006823771633207798,0.0061699338257312775,2.7734052147037183,0,reset
52,1.3186538126319647e-05,-23.791131884376426,True,0.006680780090391636,0.006061575375497341,2.588669486604144,0,reset
53,-1.4505349099636078e-06,-30.60043081586006,True,0.006387101020663977,0.0058153592981398106,2.4137256206012254,0,reset
54,1.844478538259864e-05,-31.806820401204945,True,0.006064929533749819,0.005539249163120985,2.2420410863397424,0,reset
55,8.935399819165468e-06,-36.16003148705829,True,0.005521880462765694,0.004964023362845182,2.0892037463745012,0,reset
0,-1.9869301468133926e-05,7.419215624111644,True,0.008845084346830845,0.00790019053965807,12.008390816907704,1,carried
1,-0.0006412961520254612,14.301596845631902,True,0.012120735831558704,0.012155406177043915,11.969620753791112,1,carried
2,-0.0006976360455155373,,False,0.01268267072737217,0.012579921633005142,12.015992570132555,1,carried
3,-0.0006520599126815796,,False,0.01240199338644743,0.012306281365454197,12.065771613808565,1,carried
4,-0.0007026530802249908,-21.361719342064422,True,0.012153452262282372,0.012074516154825687,11.916608225190107,1,carried
5,-0.0006958954036235809,,False,0.01273068692535162,0.012621423229575157,12.070041577554184,1,carried
6,-0.000650202389806509,,False,0.012388952076435089,0.012293864041566849,12.102340853958555,1,carried
7,-0.0007052328437566757,-37.31769955957677,True,0.012182192876935005,0.012106592766940594,11.942616827324482,1,carried
8,-0.000694559421390295,,False,0.012791662476956844,0.012678624130785465,12.123951583049896,1,carried
9,-0.0006625205278396606,,False,0.01236308179795742,0.012264487333595753,12.103019401704108,1,carried
10,-0.000707277562469244,,False,0.01223751250654459,0.01216190867125988,11.969538040748212,1,carried
11,-0.0006861062720417976,,False,0.012849190272390842,0.012733669020235538,12.163135888264758,1,carried
12,-0.0006562992930412292,,False,0.012394379824399948,0.012300336733460426,12.097127683487932,1,carried
13,-0.0006929258815944195,,False,0.012253896333277225,0.012176522053778172,12.008297072358081,1,carried
14,-0.0006611035205423832,,False,0.01278628595173359,0.012673135846853256,12.207273511163613,1,carried
15,-0.0006650937721133232,42.17103153212313,True,0.012158305384218693,0.012069722637534142,12.05825538996648,1,carried
16,-0.0007147928699851036,,False,0.012336760759353638,0.012251770123839378,12.057151338218416,1,carried
17,-0.0006433455273509026,,False,0.012604349292814732,0.01249497476965189,12.239522568415286,1,carried
18,-0.0006817113608121872,17.436731409519712,True,0.012150024063885212,0.012065166607499123,12.04853035747296,1,carried
19,-0.0007053753361105919,,False,0.012598645873367786,0.012497823685407639,12.112629258772554,1,carried
20,-0.0006600478664040565,,False,0.012520389631390572,0.01241633016616106,12.250779859914145,1,carried
21,-0.0006900625303387642,0.9527847702204261,True,0.012221491895616055,0.012140239588916302,12.05080702621375,1,carried
22,-0.000683315098285675,,False,0.01268606074154377,0.012582788243889809,12.157450623572501,1,carried
23,-0.0006498107686638832,,False,0.012463541701436043,0.012365302070975304,12.234688976888656,1,carried
24,-0.0006953943520784378,-23.855869396402458,True,0.01217842847108841,0.012097755447030067,12.051485913955126,1,carried
25,-0.0006967326626181602,,False,0.012766566127538681,0.01265585608780384,12.215420599471097,1,carried
26,-0.0006463611498475075,,False,0.01243096124380827,0.012331368401646614,12.23168541894632,1,carried
27,-0.0007029641419649124,-42.81048201093245,True,0.012265904806554317,0.012189320288598537,12.085381442033839,1,carried
28,-0.0006843442097306252,,False,0.012843008153140545,0.01272658072412014,12.27536994337624,1,carried
29,-0.0006532864645123482,,False,0.012438397854566574,0.012342924252152443,12.219464124210724,1,carried
30,-0.0006897673010826111,,False,0.012259598821401596,0.01218094490468502,12.12437731219114,1,carried
31,-0.0006610844284296036,,False,0.012819717638194561,0.012705357745289803,12.323657394577218,1,carried
32,-0.0006604194641113281,42.92155164770095,True,0.012207464314997196,0.012117980048060417,12.176810315219093,1,carried
33,-0.0007114820182323456,,False,0.012341663241386414,0.012256518006324768,12.178064114307297,1,carried
34,-0.0006403401494026184,,False,0.012616745196282864,0.01250689197331667,12.357770198215597,1,carried
35,-0.0006797779351472855,14.54458954946171,True,0.012230838648974895,0.012144722044467926,12.164069583373703,1,carried
36,-0.0006996942684054375,,False,0.012660547159612179,0.01255941204726696,12.23966910178061,1,carried
37,-0.000653204508125782,,False,0.01253256294876337,0.0124284652993083,12.363515447567673,1,carried
38,-0.0006904937326908112,-6.936206943901185,True,0.012276223860681057,0.012191198766231537,12.164953797293226,1,carried
39,-0.0006814487278461456,,False,0.012726027518510818,0.01261941622942686,12.293291550531139,1,carried
40,-0.0006441567093133926,,False,0.012454143725335598,0.012355594895780087,12.34316289896862,1,carried
41,-0.0006965789943933487,-34.21185242283372,True,0.012257392518222332,0.012176211923360825,12.177210587610318,1,carried
42,-0.0006893202662467957,,False,0.01280737854540348,0.012692572548985481,12.358353882681309,1,carried
43,-0.0006590140983462334,,False,0.012450099922716618,0.012349575757980347,12.33160285773769,1,carried
44,-0.0007005073130130768,,False,0.012305223383009434,0.012226871214807034,12.205837199312997,1,carried
45,-0.0006771693006157875,,False,0.012884518131613731,0.012767069973051548,12.40318546567661,1,carried
46,-0.0006532054394483566,,False,0.012470914050936699,0.012375237420201302,12.310740561564364,1,carried
47,-0.0006909556686878204,,False,0.012309415265917778,0.012228051200509071,12.252296082400132,1,carried
48,-0.0006407247856259346,,False,0.012727485969662666,0.012614205479621887,12.444743692558253,1,carried
49,-0.0006753234192728996,25.000395301291697,True,0.012157750315964222,0.012066837400197983,12.26317170695031,1,carried
50,-0.0006981203332543373,,False,0.012542410753667355,0.01244555413722992,12.309219856747323,1,carried
51,-0.0006600720807909966,,False,0.01255915779620409,0.01245312299579382,12.454416317494319,1,carried
52,-0.0006847837939858437,3.848090946840218,True,0.012271856889128685,0.012186497449874878,12.254859438011048,1,carried
53,-0.0006852978840470314,,False,0.01271851360797882,0.012615568935871124,12.358292453700871,1,carried
54,-0.0006494466215372086,,False,0.012515604496002197,0.012414940632879734,12.441133932026526,1,carried
55,-0.0006975289434194565,-22.209815090102786,True,0.012234380468726158,0.012149550952017307,12.255724284102502,1,carried
56,-0.0006916066631674767,,False,0.012768659740686417,0.012659315019845963,12.41478737137177,1,carried
57,-0.000649607740342617,,False,0.012475525960326195,0.012375367805361748,12.433089570057088,1,carried
58,-0.0006971247494220734,-41.61473105983889,True,0.012313582934439182,0.012232709676027298,12.282782918135016,1,carried
59,-0.0006852680817246437,,False,0.012859808281064034,0.012743084691464901,12.4730724068464,1,carried
60,-0.0006523309275507927,,False,0.012460567057132721,0.012360687367618084,12.417290531862063,1,carried
61,-0.0006893407553434372,,False,0.012332621030509472,0.012248883955180645,12.323105036783947,1,carried
62,-0.0006601111963391304,,False,0.012809686362743378,0.012692662887275219,12.52225183175085,1,carried
63,-0.000660555437207222,42.29083076820319,True,0.01226096786558628,0.012168649584054947,12.37358700585348,1,carried
64,-0.000711602158844471,,False,0.0123573774471879,0.012266702950000763,12.377381940676472,1,carried
65,-0.0006415955722332001,,False,0.012636285275220871,0.012526208534836769,12.556037453565736,1,carried
66,-0.0006812019273638725,14.292227991293524,True,0.012253187596797943,0.012163540348410606,12.362123018596064,1,carried
67,-0.0006967466324567795,,False,0.012667891569435596,0.01256713829934597,12.436933791635294,1,carried
68,-0.0006566718220710754,,False,0.012569541111588478,0.012464115396142006,12.558671490990431,1,carried
69,-0.0006868652999401093,-6.5025009743480275,True,0.012309858575463295,0.012223958969116211,12.359936142222093,1,carried
70,-0.0006843768060207367,,False,0.012736311182379723,0.012628194876015186,12.490414149029734,1,carried
71,-0.000642901286482811,,False,0.012476669624447823,0.012377145700156689,12.54097722582923,1,carried
72,-0.0006996914744377136,-34.44041857315306,True,0.012296605855226517,0.01221457403153181,12.3754778404231,1,carried
73,-0.0006855186074972153,,False,0.012802250683307648,0.012688732706010342,12.555362006551603,1,carried
74,-0.0006628111004829407,,False,0.012476781383156776,0.01237545721232891,12.526952633124294,1,carried
75,-0.0006957603618502617,,False,0.012340481393039227,0.012258930131793022,12.398953463236543,1,carried
76,-0.0006793849170207977,,False,0.01289795245975256,0.012780571356415749,12.596728850244194,1,carried
77,-0.0006517879664897919,,False,0.012477846816182137,0.012379007413983345,12.504209168721765,1,carried
78,-0.000691927969455719,,False,0.012341262772679329,0.012256237678229809,12.447476762030904,1,carried
79,-0.0006391424685716629,,False,0.012717372737824917,0.012602001428604126,12.639759336701383,1,carried
80,-0.0006767213344573975,24.26542716113369,True,0.012214536778628826,0.01212352141737938,12.457139996878583,1,carried
81,-0.0006982199847698212,,False,0.01254772674292326,0.012446867302060127,12.504022721542693,1,carried
82,-0.0006634024903178215,,False,0.012599308043718338,0.012491877190768719,12.648719411217263,1,carried
83,-0.0006837546825408936,4.795997210069545,True,0.012338535860180855,0.012248084880411625,12.449407791721312,1,carried
84,-0.0006828270852565765,,False,0.012726861983537674,0.012623528949916363,12.551050460693407,1,carried
85,-0.0006502149626612663,,False,0.012517290189862251,0.01241484098136425,12.63308431829905,1,carried
86,-0.0006935903802514076,-22.199293048934603,True,0.012263479642570019,0.012178175151348114,12.447665086309062,1,carried
87,-0.0006956569850444794,,False,0.01276370882987976,0.0126524418592453,12.609501446646611,1,carried
88,-0.0006503481417894363,,False,0.012499021366238594,0.012397600337862968,12.628036787482595,1,carried
89,-0.0006997678428888321,-41.28558322559938,True,0.012353272177278996,0.01226981170475483,12.476993060053275,1,carried
90,-0.0006826827302575111,,False,0.012849426828324795,0.01273406483232975,12.665917964633127,1,carried
91,-0.000658135861158371,,False,0.012503888458013535,0.012401944026350975,12.611234740686069,1,carried
92,-0.0006890306249260902,,False,0.012358748354017735,0.01227544154971838,12.50994733050847,1,carried
93,-0.0006697718054056168,,False,0.01285745482891798,0.012740789912641048,12.709659998744932,1,carried
94,-0.0006557945162057877,44.73503319598792,True,0.012365655042231083,0.012267756275832653,12.574636378956637,1,carried
95,-0.0007071951404213905,,False,0.012374075129628181,0.012283585965633392,12.564649249234181,1,carried
96,-0.0006352188065648079,,False,0.012653527781367302,0.012540629133582115,12.7469437334155,1,carried
97,-0.0006820671260356903,14.501021147187972,True,0.012308338657021523,0.012216602452099323,12.553209222321641,1,carried
98,-0.0006959065794944763,,False,0.012658660300076008,0.012555234134197235,12.626361583360188,1,carried
99,-0.0006588082760572433,,False,0.012604163028299809,0.012497956864535809,12.748710444152856,1,carried
0,-1.9869301468133926e-05,7.419215624111644,True,0.008845084346830845,0.00790019053965807,12.008390816907704,1,reset
1,-1.5242287190631032e-05,14.301596845631902,True,0.00881707202643156,0.00787279848009348,11.969620753791112,1,reset
2,-9.379727998748422e-06,19.650774873866443,True,0.008755299262702465,0.007810568902641535,11.894243465704296,1,reset
3,-6.778660463169217e-06,23.158188714657857,True,0.008710131980478764,0.007767632137984037,11.783762373164015,1,reset
4,-2.910644980147481e-06,25.830218879494154,True,0.008656518533825874,0.007717360742390156,11.639453941201685,1,reset
5,-2.153596142306924e-06,27.283921323139822,True,0.008627932518720627,0.007690120488405228,11.461223707383914,1,reset
6,2.619723090901971e-06,28.50306041507692,True,0.008529158309102058,0.007598704658448696,11.284938383687175,1,reset
7,1.7735583242028952e-06,28.080399920935214,True,0.008500957861542702,0.007571743801236153,11.107958358954019,1,reset
8,9.079813025891781e-07,28.02193068470241,True,0.00843783374875784,0.007513849530369043,10.930767066708873,1,reset
9,-3.6938581615686417e-07,28.143389518137475,True,0.008377954363822937,0.007459444925189018,10.753860696239467,1,reset
10,-1.4632532838732004e-06,28.894363273921414,True,0.008277066983282566,0.007360076066106558,10.577989601577052,1,reset
11,-3.1043600756675005e-06,30.162642427584945,True,0.00815212819725275,0.007241754326969385,10.403854371071462,1,reset
12,-6.017653504386544e-06,32.087156019981286,True,0.0080307237803936,0.007129020523279905,10.232574213099776,1,reset
13,-1.16636510938406e-06,35.084917666382786,True,0.00789099745452404,0.00699650077149272,10.066288393938605,1,reset
14,-2.6282796170562506e-06,36.457181228745355,True,0.007748853415250778,0.006864649243652821,9.902051094408584,1,reset
15,-3.2969110179692507e-06,38.47155458727916,True,0.007582993246614933,0.006706803105771542,9.741016822687861,1,reset
16,-9.352224878966808e-07,40.394223340703334,True,0.007419527508318424,0.006560746114701033,9.583887247977318,1,reset
17,-3.382563591003418e-06,41.77675671050502,True,0.007182426284998655,0.00633732695132494,9.429095652612183,1,reset
18,6.780319381505251e-07,43.56469708706592,True,0.006987167522311211,0.006158977281302214,9.278699091711504,1,reset
19,1.7284182831645012e-06,44.32738144952318,True,0.006705048959702253,0.005902447737753391,9.129658193260445,1,reset
20,4.719622666016221e-06,44.62009847609546,True,0.006417291238903999,0.005635844077914953,8.981188541535682,1,reset
21,3.9224105421453714e-06,44.186536323049445,True,0.006066285073757172,0.005316413473337889,8.83092223006665,1,reset
22,6.118527380749583e-06,,False,0.00557723268866539,0.0048707397654652596,8.679518308305854,1,reset
0,-1.8019345588982105e-06,6.506775712667181,True,0.008783577010035515,0.007841845043003559,12.055569624072314,2,carried
1,-0.0005336734466254711,7.013010218982877,True,0.012302051298320293,0.012408452108502388,12.016067735360727,2,carried
2,-0.0007095797918736935,,False,0.01270025223493576,0.012586423195898533,12.094174808022569,2,carried
3,-0.0006548548117280006,,False,0.012450793758034706,0.012349221855401993,12.066487373358822,2,carried
4,-0.0006991596892476082,,False,0.012317419983446598,0.012232356704771519,11.982326517845129,2,carried
5,-0.0006838883273303509,,False,0.012790967710316181,0.012674813158810139,12.182233232829738,2,carried
6,-0.0006630094721913338,,False,0.012459739111363888,0.012359502725303173,12.073995704960636,2,carried
7,-0.0007109479047358036,,False,0.012314602732658386,0.012228962033987045,12.021891956302968,2,carried
8,-0.0006704619154334068,,False,0.01280450914055109,0.012692268006503582,12.218307781290848,2,carried
9,-0.0006647082045674324,38.23000659484463,True,0.012383652850985527,0.012285757809877396,12.065133870369364,2,carried
10,-0.0007051448337733746,,False,0.012364695779979229,0.012277784757316113,12.07087457552511,2,carried
11,-0.000687361229211092,,False,0.012804386205971241,0.012691572308540344,12.244987496407994,2,carried
12,-0.0006688167341053486,25.3798950260494,True,0.012431582435965538,0.012334486469626427,12.067212723446774,2,carried
13,-0.0006951610557734966,,False,0.012420779094099998,0.012332056649029255,12.112390616977965,2,carried
14,-0.0006683245301246643,,False,0.012771462090313435,0.012658472172915936,12.255751329365523,2,carried
15,-0.0006703762337565422,3.9224749870837816,True,0.012361480854451656,0.012264477089047432,12.056817811189473,2,carried
16,-0.0006968453526496887,,False,0.0124428179115057,0.01235254481434822,12.168559239945397,2,carried
17,-0.0006649717688560486,,False,0.01272848155349493,0.012620599940419197,12.25505110424926,2,carried
18,-0.0006740065291523933,-17.527044919722993,True,0.012326458469033241,0.012231606058776379,12.062305231298767,2,carried
19,-0.0006910879164934158,,False,0.012545838952064514,0.012448223307728767,12.22446848173239,2,carried
20,-0.0006318595260381699,,False,0.01253427006304264,0.012429142370820045,12.237009799000374,2,carried
21,-0.0006966600194573402,,False,0.012284996919333935,0.012199001386761665,12.105995203744351,2,carried
22,-0.0006953887641429901,,False,0.012742661871016026,0.012627949006855488,12.302968308276615,2,carried
23,-0.0006648851558566093,,False,0.012507899664342403,0.01240778062492609,12.232578631613993,2,carried
24,-0.0006897663697600365,,False,0.012343085370957851,0.012255058623850346,12.138722748434107,2,carried
25,-0.0006687473505735397,,False,0.012838782742619514,0.012723146006464958,12.33788016571172,2,carried
26,-0.0006576962769031525,43.092809970625936,True,0.012410784140229225,0.012308415025472641,12.196481951464966,2,carried
27,-0.0007006311789155006,,False,0.01240259874612093,0.01230955682694912,12.193095353589522,2,carried
28,-0.0006801597774028778,,False,0.012809271924197674,0.012694076634943485,12.3689960176794,2,carried
29,-0.0006641596555709839,23.898324569386432,True,0.012472154572606087,0.012376806698739529,12.188974824465333,2,carried
30,-0.0006849933415651321,,False,0.012477290816605091,0.012383821420371532,12.244430407790198,2,carried
31,-0.0006612157449126244,,False,0.012773201800882816,0.012662719003856182,12.371097529766566,2,carried
32,-0.0006700083613395691,-5.206502303652097,True,0.012376871891319752,0.012282292358577251,12.17138261955734,2,carried
33,-0.0006877817213535309,,False,0.01246879156678915,0.012376232072710991,12.30802591500584,2,carried
34,-0.000654216855764389,,False,0.01266874372959137,0.012561370618641376,12.354571970307909,2,carried
35,-0.0006803665310144424,-33.827586037746904,True,0.012182318605482578,0.012096681632101536,12.183916685916873,2,carried
36,-0.0007085083052515984,,False,0.012618320062756538,0.012509610503911972,12.36929791325451,2,carried
37,-0.000637364573776722,,False,0.012520496733486652,0.012417430058121681,12.354989083042803,2,carried
38,-0.0006952285766601562,,False,0.012366672977805138,0.012275056913495064,12.240018899039656,2,carried
39,-0.0006809402257204056,,False,0.01283020805567503,0.012713346630334854,12.439606712825354,2,carried
40,-0.0006568823009729385,,False,0.012496954761445522,0.012393771670758724,12.334012265422198,2,carried
41,-0.000703202560544014,,False,0.012370780110359192,0.012280055321753025,12.285989575343136,2,carried
42,-0.0006634769961237907,,False,0.012828074395656586,0.012712194584310055,12.479444951253551,2,carried
43,-0.0006603272631764412,31.895199355276244,True,0.012436323799192905,0.012338744476437569,12.31317353503424,2,carried
44,-0.0006925864145159721,,False,0.012470168992877007,0.012380051426589489,12.345961317822576,2,carried
45,-0.0006708847358822823,,False,0.012797028757631779,0.012682047672569752,12.495767502507285,2,carried
46,-0.0006632711738348007,7.497335248767547,True,0.012422077357769012,0.012321604415774345,12.298522223928208,2,carried
47,-0.0006933566182851791,,False,0.012485519982874393,0.012393667362630367,12.406798504393564,2,carried
48,-0.0006586434319615364,,False,0.012738262303173542,0.012631077319383621,12.493238691896117,2,carried
49,-0.0006750375032424927,-20.006111868464263,True,0.012362539768218994,0.012270474806427956,12.302699369200546,2,carried
50,-0.0006877053529024124,,False,0.012577886693179607,0.012478790245950222,12.468571095831507,2,carried
51,-0.0006378078833222389,,False,0.012544197030365467,0.012438553385436535,12.470611895604518,2,carried
52,-0.0006922585889697075,,False,0.012325718067586422,0.01223575510084629,12.342179585725109,2,carried
53,-0.0006904825568199158,,False,0.012819298543035984,0.012703701853752136,12.5404600194334,2,carried
54,-0.000659378245472908,,False,0.01251479797065258,0.012413887307047844,12.45671131384778,2,carried
55,-0.0006925631314516068,,False,0.012397537007927895,0.01230943575501442,12.382075296966022,2,carried
56,-0.0006610453128814697,,False,0.012810823507606983,0.01269423495978117,12.578822072394006,2,carried
57,-0.000661720521748066,35.20573026584287,True,0.012459784746170044,0.012360920198261738,12.419645156961465,2,carried
58,-0.0006941352039575577,,False,0.012444487772881985,0.012351982295513153,12.43859466505661,2,carried
59,-0.0006778109818696976,,False,0.012830065563321114,0.01271431241184473,12.598336189370507,2,carried
60,-0.0006653554737567902,14.217742201353936,True,0.01250056829303503,0.012398636899888515,12.406497788886625,2,carried
61,-0.0006946586072444916,,False,0.012505249120295048,0.012412193231284618,12.491433185266148,2,carried
62,-0.0006565125659108162,,False,0.012755344621837139,0.012643332593142986,12.602230284164234,2,carried
63,-0.0006717313081026077,-12.616824972681577,True,0.012392628937959671,0.012298107147216797,12.405496830457405,2,carried
64,-0.0006855260580778122,,False,0.012565289624035358,0.01246364414691925,12.558312768586712,2,carried
65,-0.0006316453218460083,,False,0.012561710551381111,0.012455950491130352,12.579217198934028,2,carried
66,-0.0006960155442357063,-44.71906379438686,True,0.012331828474998474,0.01224087830632925,12.442145294947082,2,carried
67,-0.0006914949044585228,,False,0.012782502919435501,0.012668480165302753,12.637697705411124,2,carried
68,-0.0006655044853687286,,False,0.012520954944193363,0.012420082464814186,12.569804990446764,2,carried
69,-0.0006896741688251495,,False,0.012408150359988213,0.012319033965468407,12.472940757000096,2,carried
70,-0.0006724074482917786,,False,0.012858419679105282,0.0127422995865345,12.672376149510677,2,carried
71,-0.0006551360711455345,44.40302196562453,True,0.012448285706341267,0.012346966192126274,12.536532020479749,2,carried
72,-0.0007008463144302368,,False,0.012430272996425629,0.012337771244347095,12.52845609277945,2,carried
73,-0.0006749909371137619,,False,0.012823659926652908,0.012708944268524647,12.706653357676553,2,carried
74,-0.0006674556061625481,23.479983250697632,True,0.012502213008701801,0.012400687672197819,12.526049379354928,2,carried
75,-0.0006835917010903358,,False,0.012481540441513062,0.01238896232098341,12.57898694351515,2,carried
76,-0.0006632348522543907,,False,0.012777787633240223,0.01266390923410654,12.706373985440784,2,carried
77,-0.0006684791296720505,-3.3975550876192164,True,0.012412521988153458,0.01231804396957159,12.506508445593399,2,carried
78,-0.0006877528503537178,,False,0.012545122765004635,0.012446291744709015,12.64200610669262,2,carried
79,-0.0006472151726484299,,False,0.012635059654712677,0.012526651844382286,12.690016574216097,2,carried
80,-0.0006871707737445831,-35.016189048017196,True,0.01224094070494175,0.012152927927672863,12.523095046829637,2,carried
81,-0.0007058922201395035,,False,0.01263830903917551,0.012529072351753712,12.708027990626345,2,carried
82,-0.0006452742964029312,,False,0.012530902400612831,0.012426542118191719,12.691734991677142,2,carried
83,-0.0006941631436347961,,False,0.01239266898483038,0.012300718575716019,12.570687993273495,2,carried
84,-0.000682290643453598,,False,0.01286248117685318,0.012747198343276978,12.769775186427243,2,carried
85,-0.0006605014204978943,,False,0.012557502835988998,0.012452678754925728,12.670920772453693,2,carried
86,-0.000693686306476593,,False,0.012437034398317337,0.012349413707852364,12.611105199224143,2,carried
87,-0.0006654886528849602,,False,0.012831802479922771,0.012716921977698803,12.804781747158552,2,carried
88,-0.0006606830283999443,35.04709878166633,True,0.012463453225791454,0.01236620731651783,12.64035223333031,2,carried
89,-0.0006942059844732285,,False,0.012487092986702919,0.012393338605761528,12.669448853194739,2,carried
90,-0.0006717657670378685,,False,0.012817435897886753,0.012703410349786282,12.822941316327515,2,carried
91,-0.0006689447909593582,11.039592661058169,True,0.012485546059906483,0.0123838996514678,12.626913955759127,2,carried
92,-0.0006941035389900208,,False,0.012505464255809784,0.01241130568087101,12.723575567288206,2,carried
93,-0.0006575891748070717,,False,0.012760537676513195,0.012648026458919048,12.82269435765266,2,carried
94,-0.0006708754226565361,-15.1727463109131,True,0.012382982298731804,0.012285100296139717,12.628591238022782,2,carried
95,-0.0006880825385451317,,False,0.012620346620678902,0.012516734190285206,12.789765674511354,2,carried
96,-0.0006370861083269119,,False,0.012582985684275627,0.012475183233618736,12.8003442759877,2,carried
97,-0.0006957296282052994,,False,0.012384445406496525,0.012292875908315182,12.66610249513295,2,carried
98,-0.0006882091984152794,,False,0.012808478437364101,0.012691723182797432,12.862484391764696,2,carried
99,-0.0006635608151555061,,False,0.012565302662551403,0.012462301179766655,12.787020519911213,2,carried
0,-1.8019345588982105e-06,6.506775712667181,True,0.008783577010035515,0.007841845043003559,12.055569624072314,2,reset
1,-1.4266406651586294e-06,7.013010218982877,True,0.00879111047834158,0.007848398759961128,12.016067735360727,2,reset
2,1.0693911463022232e-06,7.49886905951148,True,0.008766005747020245,0.007824343629181385,11.937185445614654,2,reset
3,1.2489035725593567e-06,7.203081250246156,True,0.008743945509195328,0.007804116699844599,11.818762675661032,2,reset
4,4.3466570787131786e-07,6.759127234933958,True,0.00871261116117239,0.007772470824420452,11.660722952940866,2,reset
5,2.180458977818489e-06,7.084993272468927,True,0.008686847053468227,0.007747875060886145,11.463167104066141,2,reset
6,1.8355785869061947e-06,6.74786167809081,True,0.008666815236210823,0.007733108010143042,11.265296188659677,2,reset
7,4.146306309849024e-06,6.421478356968394,True,0.008602957241237164,0.007670559920370579,11.067184899200319,2,reset
8,3.588473191484809e-06,4.67099600480361,True,0.008564303629100323,0.0076349349692463875,10.868504455499014,2,reset
9,3.937253495678306e-06,2.9656907769265177,True,0.008525346405804157,0.007595403119921684,10.669412636714362,2,reset
10,4.592118784785271e-06,0.9589252520032393,True,0.008464707992970943,0.007539607118815184,10.469949519748576,2,reset
11,6.588728865608573e-06,-0.6316120190792459,True,0.00839647650718689,0.007478266954421997,10.270169270027496,2,reset
12,4.042231012135744e-06,-2.9540319481394777,True,0.008359941653907299,0.007444270886480808,10.0701754805076,2,reset
13,4.3013133108615875e-06,-4.431496023689598,True,0.008323578163981438,0.007411336991935968,9.870202570059545,2,reset
14,4.041328793391585e-06,-6.032158454731363,True,0.00826298538595438,0.0073544238694012165,9.670386319594025,2,reset
15,3.543886123225093e-06,-6.788536558643906,True,0.008224979974329472,0.0073179700411856174,9.470852180295239,2,reset
16,2.0916631910949945e-06,-7.656097590087402,True,0.008172871544957161,0.007272598333656788,9.27168360186837,2,reset
17,3.2640236895531416e-06,-8.43809690044224,True,0.008121592923998833,0.007221819367259741,9.072803765025979,2,reset
18,5.759618943557143e-06,-9.863484745856383,True,0.008070572279393673,0.0071760546416044235,8.874441083091833,2,reset
19,1.7812999431043863e-06,,False,0.007994967512786388,0.007100746035575867,8.677187230028663,2,reset
20,2.7660862542688847e-06,,False,0.00800530705600977,0.007112881634384394,8.480438827365587,2,reset
21,1.9451254047453403e-06,,False,0.007942471653223038,0.007055163849145174,8.28449112288567,2,reset
22,2.3766770027577877e-06,,False,0.007858900353312492,0.006977564189583063,8.089239843818046,2,reset
23,2.6666384655982256e-06,,False,0.007844111882150173,0.00696373637765646,7.894887261716934,2,reset
24,1.2465170584619045e-06,,False,0.007760356180369854,0.006883625406771898,7.70163284971238,2,reset
25,5.004869308322668e-06,,False,0.007750504184514284,0.006873942445963621,7.5091372856999286,2,reset
26,6.443588063120842e-06,,False,0.007716204505413771,0.006842722650617361,7.318826605887538,2,reset
27,9.018840501084924e-06,,False,0.007635427173227072,0.006769770756363869,7.1316634920643995,2,reset
28,1.3355689588934183e-05,,False,0.007571644149720669,0.006709422916173935,6.949461864007178,2,reset
29,1.130046439357102e-05,,False,0.007448878604918718,0.006592331454157829,6.7757271245389505,2,reset
30,4.111119778826833e-06,,False,0.0073393769562244415,0.006488183047622442,6.610858056652548,2,reset
31,7.6244177762418985e-06,-33.05197741053178,True,0.007211756426841021,0.006367936730384827,6.4509260146021505,2,reset
32,1.1576717952266335e-05,-37.479567665189265,True,0.007200335152447224,0.006354702170938253,6.299152060388295,2,reset
33,1.1394498869776726e-05,-42.87102466650598,True,0.007106604054570198,0.00626387819647789,6.159870220696374,2,reset
34,1.2110976967960596e-05,,False,0.006999530829489231,0.006162719335407019,6.03446692315061,2,reset
35,1.4029355952516198e-05,,False,0.006846320349723101,0.006020558066666126,5.925152173565093,2,reset
36,-3.2619864214211702e-06,,False,0.0067496211268007755,0.00593305379152298,5.835489444188,2,reset
37,6.430607754737139e-06,,False,0.006660674698650837,0.005845154635608196,5.7478255465453945,2,reset
38,-6.790476618334651e-06,,False,0.006533295381814241,0.005727946758270264,5.673014655120019,2,reset
39,5.507608875632286e-07,,False,0.006530952174216509,0.00572282774373889,5.596704141638765,2,reset
40,1.3083626981824636e-06,,False,0.006458270829170942,0.005654068198055029,5.527204304185624,2,reset
41,4.48618084192276e-06,,False,0.006450017914175987,0.005646255798637867,5.465644873562294,2,reset
42,5.978421540930867e-06,,False,0.006434851326048374,0.005631766747683287,5.416002302423106,2,reset
43,-4.510133294388652e-06,,False,0.006428048480302095,0.005623746197670698,5.3804092615943535,2,reset
44,2.690096152946353e-06,,False,0.006427310872823,0.005620888434350491,5.346697157088532,2,reset
45,5.156616680324078e-07,,False,0.006442870944738388,0.005633573513478041,5.323504906350572,2,reset
46,-6.538582965731621e-06,,False,0.0064489650540053844,0.0056386846117675304,5.308370411947816,2,reset
47,-2.292596036568284e-06,,False,0.006460560020059347,0.00564859714359045,5.292904284920742,2,reset
48,-2.6245834305882454e-07,,False,0.006414022296667099,0.005607749801129103,5.282216857975055,2,reset
49,1.7919519450515509e-06,,False,0.006372992880642414,0.005571482237428427,5.278775323028091,2,reset
50,5.998241249471903e-06,,False,0.006171312648802996,0.005393482279032469,5.28505672182059,2,reset
51,9.185518138110638e-06,,False,0.005833562929183245,0.005082038231194019,5.30604194148233,2,reset
52,1.4174787793308496e-05,,False,0.005550773814320564,0.004831214435398579,5.345274289377469,2,reset
53,6.872141966596246e-06,,False,0.0049128751270473,0.004255153704434633,5.407919121235974,2,reset
