body,arm,seed,reached,collided,dist,rate_sat,accel_sat
unconstrained,connectome,2,0.75,0.25,1.4820259172934098,0.0,0.0
unconstrained,P blind,2,0.75,0.25,1.4594028761991011,0.0,0.0
unconstrained,P + oracle,2,0.9375,0.0,1.8231339451929507,0.0,0.0
unconstrained,connectome,3,1.0,0.0,0.9145643520392378,0.0,0.0
unconstrained,P blind,3,0.875,0.125,1.7736796825633783,0.0,0.0
unconstrained,P + oracle,3,1.0,0.0,0.9039499501304855,0.0,0.0
alpha 5.00,connectome,2,0.8125,0.1875,1.334563549622471,0.013782027285641927,0.23091156869568705
alpha 5.00,P blind,2,0.75,0.25,1.4786689690145463,0.0,0.013188472833158892
alpha 5.00,P + oracle,2,0.9375,0.0,1.902386185573389,0.001172515368852459,0.03651980440792342
alpha 5.00,connectome,3,0.9375,0.0625,1.3498405095253,0.01575828723730369,0.28320881499978673
alpha 5.00,P blind,3,0.875,0.125,1.754191964361098,0.0,0.012133948238379832
alpha 5.00,P + oracle,3,1.0,0.0,0.9082085794420811,0.0012976694915254237,0.030384386391504273
alpha 2.00,connectome,2,0.875,0.125,1.2754280531585847,0.0029886391031822565,0.4555333130896743
alpha 2.00,P blind,2,0.75,0.25,1.4735343088394262,0.0,0.04145216100017014
alpha 2.00,P + oracle,2,0.9375,0.0,1.974582869467205,0.0007833501344086022,0.10537117894036577
alpha 2.00,connectome,3,0.9375,0.0625,1.3623527008920315,0.006229166666666667,0.5285061911261275
alpha 2.00,P blind,3,0.875,0.125,1.754352620597154,0.0,0.0440620417888563
alpha 2.00,P + oracle,3,1.0,0.0,0.9277713461646662,0.0008064516129032258,0.10782582674585428
alpha 1.00,connectome,2,0.75,0.1875,1.568903962615273,0.01716560384594388,0.7212665054120369
alpha 1.00,P blind,2,0.75,0.25,1.4834115058664352,0.0,0.1011865993122969
alpha 1.00,P + oracle,2,0.875,0.0,2.5839259405165715,0.0,0.2256819265902646
alpha 1.00,connectome,3,0.75,0.25,1.8902277281857576,0.01810043007079866,0.7902927918524248
alpha 1.00,P blind,3,0.875,0.125,1.7504186634349634,0.0,0.11090825610770633
alpha 1.00,P + oracle,3,0.9375,0.0,1.675394013100865,0.0,0.22831543180833977
alpha 0.50,connectome,2,0.625,0.3125,2.768135709073562,0.02985913825757576,0.8147162152133833
alpha 0.50,P blind,2,0.75,0.25,1.4720227980511413,0.0,0.2488802651445474
alpha 0.50,P + oracle,2,0.6875,0.125,3.531251083561492,0.0,0.37579202965936337
alpha 0.50,connectome,3,0.75,0.125,2.8497483070366445,0.005992111650485437,0.913943410927546
alpha 0.50,P blind,3,0.9375,0.0625,1.3324602727746575,0.0,0.24972360164463542
alpha 0.50,P + oracle,3,0.8125,0.0,3.520519332251633,0.0,0.4072460667872651
r_max 45 deg/s,connectome,2,0.8125,0.1875,1.2948943712701264,0.07336556080660608,0.23703786672704683
r_max 45 deg/s,P blind,2,0.75,0.25,1.4717583497290117,0.01614338882986592,0.016981126967157468
r_max 45 deg/s,P + oracle,2,0.9375,0.0,1.7646193514756288,0.049629600822793864,0.05925694544560556
r_max 45 deg/s,connectome,3,0.9375,0.0625,1.3230770275486892,0.06953778772398772,0.2587573568269128
r_max 45 deg/s,P blind,3,0.875,0.125,1.7573400113164357,0.008584306637004078,0.013599986892439901
r_max 45 deg/s,P + oracle,3,1.0,0.0,0.9031858058049208,0.03212623363917078,0.038765542845807084
r_max 25 deg/s,connectome,2,0.875,0.125,1.2538797241802082,0.1713500131397383,0.2284179168508607
r_max 25 deg/s,P blind,2,0.75,0.25,1.482951179093364,0.07327161797933421,0.03816228538780341
r_max 25 deg/s,P + oracle,2,0.8125,0.0625,2.2752997713334144,0.1449114507159489,0.09255034633971063
r_max 25 deg/s,connectome,3,0.9375,0.0625,1.316774275711573,0.19917951860415556,0.25292618161619695
r_max 25 deg/s,P blind,3,0.875,0.125,1.7528622421849396,0.07153857975277668,0.0276848845641354
r_max 25 deg/s,P + oracle,3,1.0,0.0,0.9140626006502433,0.151206657764356,0.08342067283308814
tau 0.20 s,connectome,2,0.8125,0.1875,1.4375608433959137,0.017203419232510925,0.1954425225011552
tau 0.20 s,P blind,2,0.75,0.25,1.481753532093886,0.0,0.002738028096800656
tau 0.20 s,P + oracle,2,0.9375,0.0,1.8735783437865199,0.00038422131147540983,0.012709620227308885
tau 0.20 s,connectome,3,1.0,0.0,0.9102200148698317,0.01314111488290131,0.22260221149770185
tau 0.20 s,P blind,3,0.875,0.125,1.7574494659586546,0.0,0.0017282512977382278
tau 0.20 s,P + oracle,3,1.0,0.0,0.9097046789034196,0.0017447916666666666,0.013739942791895492
tau 0.40 s,connectome,2,0.8125,0.1875,1.3796266801775408,0.01878880335844031,0.1511326476021433
tau 0.40 s,P blind,2,0.75,0.25,1.4829113439973676,0.0,0.0
tau 0.40 s,P + oracle,2,0.9375,0.0,1.8951588327099909,0.0,0.000679655997983871
tau 0.40 s,connectome,3,0.9375,0.0625,1.3335476797478996,0.01327921336703503,0.15062386772208441
tau 0.40 s,P blind,3,0.875,0.125,1.7721992697475486,0.0,0.0
tau 0.40 s,P + oracle,3,1.0,0.0,0.8968582452307812,0.0,0.0003125
