reached,collided,timeout,cue_frac,dist,corr,steps,off_rng,seed,arm
False,True,False,1.0,3.3998478742606126,0.607535293992231,53,0.6662122423729405,2,connectome
True,False,False,1.0,0.8178319005891042,0.9041539589625521,58,0.030581785045795402,2,connectome
False,False,True,0.125,12.961969539466303,0.6332778045324656,15,0.04747761094103919,2,connectome
True,False,False,1.0,0.9854641700937024,0.6170623056514809,58,0.09755090969077476,2,connectome
True,False,False,1.0,0.8150548982173708,0.9313342484980822,60,0.027542560965936037,2,connectome
True,False,False,1.0,0.9589675345182774,0.7229192726260897,59,0.31242890637780474,2,connectome
False,False,True,0.0,13.404380276192569,,0,,2,connectome
False,True,False,1.0,8.742573208100705,0.8011336650208514,24,0.6482341904254374,2,connectome
False,True,False,1.0,3.9872198335616056,0.4130212025768257,43,0.0664737994655549,2,connectome
True,False,False,1.0,0.8835585077654129,0.6057457923763834,61,0.10124767983560432,2,connectome
True,False,False,1.0,0.9712284670840352,0.7224314801111782,59,0.3111129935672851,2,connectome
True,False,False,1.0,0.9383742604345798,0.17570074859884177,59,0.05563561746408135,2,connectome
True,False,False,1.0,0.9021445741511486,0.15503407626251303,58,0.07834013630348056,2,connectome
True,False,False,1.0,0.808521306433601,0.32758472787331316,58,0.03050127410591759,2,connectome
False,True,False,0.2571428571428571,6.578465388832488,0.6449056628251908,27,0.30776684239534463,2,connectome
True,False,False,1.0,0.8840566369529569,0.43204464319813024,64,0.46845461615271805,2,connectome
True,False,False,1.0,0.9111782614339314,0.6449491086166376,59,0.2990974472977629,2,connectome
True,False,False,1.0,0.8692614549605017,0.1760833896751969,59,0.20658270387454317,2,connectome
True,False,False,1.0,0.8368499365138934,0.7542646517629353,62,0.3212351868698862,2,connectome
True,False,False,1.0,0.8702747041225629,0.3902761493644814,62,0.48251328525585796,2,connectome
True,False,False,1.0,0.8723493749116461,0.2255464950870984,61,0.26674552301456644,2,connectome
True,False,False,1.0,0.871760747462651,0.7412564266687152,62,0.2997334814160069,2,connectome
True,False,False,1.0,0.8351464242349657,0.667111194082135,60,0.23445259621281384,2,connectome
True,False,False,1.0,0.8857771304566684,0.14271381132000946,63,0.1633875344444211,2,connectome
True,False,False,1.0,0.8625767530453893,1.0,60,0.08921368649947045,2,P control
True,False,False,1.0,0.8175816722036771,1.0,58,0.09074229994928325,2,P control
False,True,False,0.574468085106383,3.7057453006654475,1.0,27,0.2133326516787322,2,P control
True,False,False,1.0,0.967327450648786,1.0,58,0.09067273416129401,2,P control
True,False,False,1.0,0.8149302033390052,1.0,60,0.0875482469224073,2,P control
True,False,False,1.0,0.8150814035877646,1.0,58,0.09072441404824987,2,P control
False,True,False,0.4583333333333333,3.349209401266642,1.0,22,0.2897911838675541,2,P control
True,False,False,1.0,0.9484588914318682,1.0,60,0.08995946576141167,2,P control
False,True,False,1.0,3.978855588613619,0.9999999999999994,43,0.17533324295302943,2,P control
True,False,False,1.0,0.8615481121033148,0.9999999999999997,61,0.08601467180605206,2,P control
True,False,False,1.0,0.8322142022605655,1.0,58,0.09071667007561568,2,P control
True,False,False,1.0,0.9218663552122117,0.9999999999999991,59,0.08907084379553123,2,P control
True,False,False,1.0,0.8734557801152254,1.0,58,0.09071618346984779,2,P control
True,False,False,1.0,0.8012335141950189,1.0,58,0.0907500394416183,2,P control
False,True,False,1.0,1.9093939085528782,1.0,53,0.08603742814513096,2,P control
True,False,False,1.0,0.8909674819442046,1.0,60,0.08748626207012003,2,P control
False,True,False,1.0,6.0172266243367325,1.0,32,0.1815301734627052,2,P control
True,False,False,1.0,0.9083050654038602,1.0,58,0.09069537401717297,2,P control
True,False,False,1.0,0.8090564406812963,0.9999999999999997,60,0.08752929322837238,2,P control
True,False,False,1.0,0.8301543101180233,0.9999999999999994,58,0.09070295490070222,2,P control
True,False,False,1.0,0.8118281028448067,0.9999999999999999,60,0.08754041800082221,2,P control
True,False,False,1.0,0.9171649032702865,1.0,60,0.08748853629665225,2,P control
True,False,False,1.0,0.8584630952454285,0.9999999999999997,59,0.08908851429462289,2,P control
True,False,False,1.0,0.9793291881314382,1.0,62,0.08450956543362391,2,P control
False,True,False,1.0,1.0411205819272302,0.6823531901729498,68,0.6352103999103907,3,connectome
True,False,False,1.0,0.9051651203206578,0.345692481708598,61,0.4412184903260223,3,connectome
False,True,False,1.0,7.953601995928947,0.7212881997309327,27,0.17437273146645013,3,connectome
False,True,False,1.0,2.604895343009243,0.0752109916462122,54,0.2696572998772674,3,connectome
True,False,False,1.0,0.8976658866350982,0.18705916616708262,61,0.21936742940251655,3,connectome
True,False,False,1.0,0.9028988174642434,0.30918671414463283,61,0.3772320033016939,3,connectome
True,False,False,1.0,0.8923854714636236,0.3932925699969208,61,0.0028491186703661167,3,connectome
True,False,False,1.0,0.8831781118293545,0.1304752688701362,59,0.10012979229598393,3,connectome
True,False,False,1.0,0.9885399121427524,0.2030291702066034,59,0.25413690785417314,3,connectome
True,False,False,1.0,0.845337722653027,0.27315284234998777,62,0.314777578179657,3,connectome
True,False,False,1.0,0.9401496505027049,0.8104313834857455,63,0.38288539016866796,3,connectome
True,False,False,1.0,0.9959132378151264,0.4817975931229437,63,0.5617480003646059,3,connectome
True,False,False,1.0,0.9525107624912015,0.12431171786312335,60,0.0823332291053115,3,connectome
True,False,False,1.0,0.919439426700451,0.7577237178770742,62,0.3166604461554534,3,connectome
True,False,False,1.0,0.97736885891637,0.31171355487628805,60,0.4011192767775813,3,connectome
True,False,False,1.0,0.9733492848229528,0.6204643764029119,58,0.18418949331501125,3,connectome
True,False,False,1.0,0.8357081333869003,0.20097522600683818,59,0.23710665825528435,3,connectome
False,False,True,0.5166666666666667,1.2226618710504236,0.6560298486982041,62,0.2370647648257265,3,connectome
True,False,False,1.0,0.8427914886876453,0.24963971763972673,60,0.2964802382250336,3,connectome
True,False,False,1.0,0.8737711657144185,0.130229627302287,59,0.12922176009312528,3,connectome
True,False,False,1.0,0.8959863869310378,0.8707702645670519,66,0.46102534521757504,3,connectome
True,False,False,1.0,0.9921912277234582,0.26011018910429057,62,0.29340792396777743,3,connectome
True,False,False,1.0,0.952034851132346,0.13850148542245738,58,0.13328924027548789,3,connectome
True,False,False,1.0,0.9777148525890181,0.14484106503712424,58,0.0745351343223737,3,connectome
True,False,False,1.0,0.9972234566244903,1.0,61,0.08651315988791387,3,P control
False,True,False,1.0,8.223422643767211,1.0,21,0.27259862282361524,3,P control
False,True,False,1.0,7.731643210144552,0.9999999999999994,28,0.18201423645625145,3,P control
True,False,False,1.0,0.8185715108117713,1.0,62,0.08454067706000393,3,P control
True,False,False,1.0,0.9180681003610732,1.0,60,0.08750032128365548,3,P control
True,False,False,1.0,0.8173306502439086,0.9999999999999997,59,0.08909722452055537,3,P control
True,False,False,1.0,0.8920224575017991,1.0,61,0.00026050562022306335,3,P control
True,False,False,1.0,0.8399863417503597,0.9999999999999997,59,0.08910519535128336,3,P control
True,False,False,1.0,0.9617930972865095,0.9999999999999999,58,0.09066818235930103,3,P control
True,False,False,1.0,0.891304706989845,0.9999999999999993,60,0.08750446877514179,3,P control
True,False,False,1.0,0.841356655037157,0.9999999999999999,60,0.0875018630215687,3,P control
True,False,False,1.0,0.8877648544494117,1.0,58,0.0906617448280338,3,P control
True,False,False,1.0,0.9211854768653965,0.9999999999999998,60,0.08750451381075347,3,P control
True,False,False,1.0,0.9059712302840327,0.9999999999999999,60,0.07963930226514684,3,P control
True,False,False,1.0,0.8472803409517289,1.0,58,0.09070691761492197,3,P control
True,False,False,1.0,0.8839501879448053,1.0,58,0.09070626324285137,3,P control
True,False,False,1.0,0.8220915381629499,0.9999999999999996,58,0.09073284654941413,3,P control
False,True,False,0.0,5.298311658522641,,0,,3,P control
True,False,False,1.0,0.9188581139502253,0.9999999999999998,58,0.09068414398620274,3,P control
True,False,False,1.0,0.8052205294115565,1.0,59,0.08911943694127628,3,P control
True,False,False,1.0,0.9302671304908541,0.9999999999999998,59,0.08907371539004894,3,P control
True,False,False,1.0,0.8992013171922582,1.0,61,0.0860131462342371,3,P control
True,False,False,1.0,0.8803836878987703,1.0,58,0.0907114462350013,3,P control
True,False,False,1.0,0.9516501161002193,1.0,58,0.09068078506418753,3,P control
False,False,True,0.5583333333333333,3.5383539365188157,0.9725750558944661,67,0.09956798703753159,4,connectome
True,False,False,1.0,0.8138898823956205,0.16509849013387562,59,0.06768958091625603,4,connectome
True,False,False,1.0,0.9244648469349029,0.9117346084779469,60,0.028078772649477484,4,connectome
False,True,False,1.0,5.091154697516345,-0.013800965538239294,38,0.12142566235030786,4,connectome
False,True,False,1.0,9.832417844912332,-0.09076164641145751,19,0.4964495815780898,4,connectome
True,False,False,1.0,0.9752865759714299,0.8908802777526752,69,0.4484531991652776,4,connectome
True,False,False,1.0,0.8213446905010962,0.6001872414779852,60,0.10040108232170016,4,connectome
False,False,True,0.6166666666666667,2.1726815239499957,0.92489563303033,74,0.3409575329039491,4,connectome
True,False,False,1.0,0.9792170583413674,0.6197096621201685,62,0.1370829691010421,4,connectome
True,False,False,1.0,0.9148935930098382,0.8623782701326808,66,0.4313604014400257,4,connectome
True,False,False,1.0,0.9620344392260314,0.8204401852504611,61,0.030049416017201718,4,connectome
True,False,False,1.0,0.8351997414813779,0.6771638431067454,60,0.24715041233416996,4,connectome
True,False,False,1.0,0.8075583925083184,0.10532536591218529,61,0.1031644552750714,4,connectome
True,False,False,1.0,0.8349546419104191,0.616294815900089,61,0.07713006441959763,4,connectome
True,False,False,1.0,0.9794124345828972,0.6018573550072985,59,0.12428388460503416,4,connectome
True,False,False,1.0,0.8811584881532463,0.2159473345469966,59,0.25243318995615294,4,connectome
True,False,False,1.0,0.9437635036437592,0.7530653882690331,60,0.34136136940845163,4,connectome
True,False,False,1.0,0.8772752872189443,0.13072453275324103,60,0.11284993686685203,4,connectome
True,False,False,1.0,0.8409334253461354,0.5776449134351529,58,0.12495996170989579,4,connectome
True,False,False,1.0,0.8635736142377347,0.1741602538577803,58,0.10744169225807221,4,connectome
False,True,False,1.0,4.4315797399674395,0.8444646386704879,47,0.4411712110000859,4,connectome
True,False,False,1.0,0.9963715003691721,0.19779412510266547,60,0.23490151934193118,4,connectome
True,False,False,1.0,0.835032727061888,0.30752676859857203,61,0.3665339189807853,4,connectome
True,False,False,1.0,0.9522689095181145,0.7234049348254532,61,0.2851821631847622,4,connectome
False,True,False,1.0,5.2961253796375365,1.0,39,0.13162431740758676,4,P control
True,False,False,1.0,0.9910996427778994,1.0,58,0.09066328756688999,4,P control
True,False,False,1.0,0.9243209967855648,1.0,60,0.08750380063078564,4,P control
True,False,False,1.0,0.8531349074203487,0.9999999999999998,59,0.08593709534846888,4,P control
True,False,False,1.0,0.8015842323905804,1.0,63,0.08313956191727402,4,P control
True,False,False,1.0,0.9957386875229497,0.9999999999999991,62,0.08686330258081659,4,P control
True,False,False,1.0,0.8001769728648456,0.9999999999999999,60,0.08755283762308816,4,P control
False,False,True,0.0,18.71797439175845,,0,,4,P control
True,False,False,1.0,0.9307682477972515,1.0,62,0.08452699727882326,4,P control
True,False,False,1.0,0.990697928311929,1.0,60,0.0874215460712647,4,P control
True,False,False,1.0,0.961889528587941,1.0,61,0.09487648377390363,4,P control
True,False,False,1.0,0.8334185277822074,1.0,59,0.08909809912082382,4,P control
True,False,False,1.0,0.9593697101020974,1.0,60,0.08748872582337015,4,P control
True,False,False,1.0,0.8242812384602249,1.0,61,0.08602973662570257,4,P control
True,False,False,1.0,0.9447111648651071,1.0,59,0.08905881878085084,4,P control
True,False,False,1.0,0.8468175324366142,0.9999999999999998,58,0.09072043697495275,4,P control
True,False,False,1.0,0.891506166500355,1.0,58,0.09068393688409064,4,P control
True,False,False,1.0,0.8231711335709815,1.0,60,0.08754358389153721,4,P control
True,False,False,1.0,0.8062529717805826,1.0,58,0.0907452047561501,4,P control
True,False,False,1.0,0.8135075714387672,1.0,58,0.09211298937473218,4,P control
True,False,False,1.0,0.9857254822874326,1.0,61,0.08591972697159572,4,P control
True,False,False,1.0,0.9961760479312419,1.0,59,0.0890323198939707,4,P control
True,False,False,1.0,0.9564627447068516,1.0,58,0.09066091337362024,4,P control
True,False,False,1.0,0.8587227811159517,0.9999999999999998,60,0.08751466188217254,4,P control
False,False,True,0.5833333333333334,3.2292944080300963,0.9741277420609874,70,0.09276140274622549,5,connectome
True,False,False,1.0,0.9750454303497609,0.719785823013935,62,0.26593229921550166,5,connectome
False,True,False,1.0,2.670090035905332,0.6404018138552826,49,0.044787403972461545,5,connectome
True,False,False,1.0,0.859421476250812,0.6187941013730245,59,0.17637553424052632,5,connectome
True,False,False,1.0,0.9249893260424951,0.21057104917007705,59,0.24916851352755162,5,connectome
True,False,False,1.0,0.9284070923491093,0.7161421238617305,68,0.62423453475107,5,connectome
True,False,False,1.0,0.8551802757916895,0.6274860066629656,60,0.18001583197780266,5,connectome
True,False,False,1.0,0.8698935427344469,0.7344687124427182,58,7.743050190459991e-05,5,connectome
False,False,True,0.5416666666666666,3.323466460421511,0.9749303713703559,65,0.09490307957234007,5,connectome
True,False,False,1.0,0.8521855935370418,0.5894606407765984,59,0.00650142648761554,5,connectome
True,False,False,1.0,0.8173152170069079,0.1919012061973222,62,0.22117203579679046,5,connectome
True,False,False,1.0,0.9465321948539145,0.8832224522191768,68,0.4321592826071363,5,connectome
True,False,False,1.0,0.816073448878662,0.19171468217358723,59,0.23106566367764264,5,connectome
False,True,False,1.0,1.4637571521657515,0.8785250596576876,63,0.4980111980032476,5,connectome
True,False,False,1.0,0.8607119469777109,0.26388465970521346,60,0.327092188709199,5,connectome
True,False,False,1.0,0.9605758524125546,0.3564295156904216,61,0.4423611771481201,5,connectome
True,False,False,1.0,0.8077343260932847,0.3173452408071891,59,0.028783977715413526,5,connectome
True,False,False,0.9857142857142858,0.9554001198342802,0.8877378040892855,69,0.49960236289967114,5,connectome
False,False,True,0.575,2.876698117081311,0.9693069414588615,69,0.004164515538138983,5,connectome
False,True,False,1.0,4.852504764155281,0.6860312258109024,40,0.17478705460678895,5,connectome
True,False,False,1.0,0.8659885816185636,0.6266730406588171,60,0.1716484099476721,5,connectome
False,True,False,1.0,2.353465322589794,0.47893294981757734,54,0.09825921214862525,5,connectome
False,False,True,0.0,13.961693908054142,,0,,5,connectome
False,True,False,0.8571428571428571,8.651743823766735,0.7133831569755771,18,0.002739573246186284,5,connectome
True,False,False,1.0,0.850538244050707,0.9999999999999994,62,0.08488750724290393,5,P control
True,False,False,1.0,0.9206503062015107,1.0,61,0.08598010727208466,5,P control
False,True,False,1.0,2.66386650692965,1.0,49,0.04279901123402715,5,P control
True,False,False,1.0,0.9748649267070028,1.0,58,0.09066566424029811,5,P control
True,False,False,1.0,0.8990616817158115,1.0,58,0.09069675348685585,5,P control
False,True,False,1.0,2.9268995697322344,0.9999999999999998,50,0.1012825283131295,5,P control
True,False,False,1.0,0.9636730948063936,0.9999999999999992,59,0.0890478439385652,5,P control
True,False,False,1.0,0.8689234735315303,0.9999999999999992,58,0.09071889656892515,5,P control
False,True,False,1.0,7.274466987743791,1.0,27,0.19474533694922336,5,P control
True,False,False,1.0,0.8503845604905369,1.0,59,0.08910180958917757,5,P control
True,False,False,1.0,0.8304452230088077,0.9999999999999997,61,0.08602221829179153,5,P control
True,False,False,1.0,0.903097481277354,0.9999999999999992,62,0.08454541630004005,5,P control
True,False,False,1.0,0.8075940604613346,1.0,58,0.09073983751399772,5,P control
True,False,False,1.0,0.9819275155313667,0.9999999999999998,59,0.09199280999594002,5,P control
True,False,False,1.0,0.8829959298317768,0.9999999999999998,58,0.0906980998786089,5,P control
True,False,False,1.0,0.9016148783878847,0.9999999999999997,58,0.09067654470000812,5,P control
True,False,False,1.0,0.801043301400982,1.0,59,0.08912321926180114,5,P control
False,False,True,0.0,19.045815060089797,,0,,5,P control
False,True,False,1.0,4.456716071126783,1.0,40,0.12525457965157824,5,P control
True,False,False,1.0,0.8071033194830738,1.0,60,0.08754697455436887,5,P control
True,False,False,1.0,0.9843502002180177,1.0,59,0.0890396294547264,5,P control
False,True,False,1.0,2.713673815534128,0.9999999999999997,52,0.12645143965178618,5,P control
False,True,False,0.0,5.037669607178774,,0,,5,P control
False,True,False,0.3684210526315789,9.014845977612172,1.0,7,0.8806266260694148,5,P control
True,False,False,1.0,0.9724985457837224,0.8729944224040475,67,0.4237189136413278,6,connectome
True,False,False,1.0,0.886859370121014,0.5812814155723625,62,0.07531598239929492,6,connectome
True,False,False,1.0,0.8798388122263422,0.39120688586034363,64,0.4111806681025291,6,connectome
False,True,False,0.4326923076923077,4.280635885727453,0.7912094877877076,45,0.07366661801866799,6,connectome
True,False,False,1.0,0.9329144232627024,0.7026855458229146,60,0.27291586965858006,6,connectome
True,False,False,1.0,0.8802043643178545,0.1470202787016544,58,0.11231386347642507,6,connectome
True,False,False,1.0,0.9008376714440438,0.7182584644731702,63,0.26915195139105785,6,connectome
True,False,False,1.0,0.8124368228941147,0.13575285423311576,61,0.0879775539257244,6,connectome
True,False,False,0.90625,0.9550665443841524,0.9611896066883117,58,0.01686688003370932,6,connectome
True,False,False,1.0,0.8515619405251414,0.161438701734354,59,0.06401173017043861,6,connectome
False,False,True,0.0,13.02313962156831,,0,,6,connectome
True,False,False,1.0,0.9826469355378138,0.6462703021177431,58,0.21946830762224448,6,connectome
True,False,False,1.0,0.8463212555966264,0.15871619137704313,58,0.09334694185258527,6,connectome
True,False,False,1.0,0.9217882403824822,0.962665615861383,58,0.011954405684663084,6,connectome
False,True,False,0.9782608695652174,3.6569668366596,-0.04298705292702032,45,0.2298354784353691,6,connectome
True,False,False,1.0,0.8871289557228688,0.12835967354530087,59,0.09069425015890793,6,connectome
True,False,False,1.0,0.8729891623165519,0.17928165923066164,58,0.06404275935982869,6,connectome
False,False,True,0.0,14.022654703043445,,0,,6,connectome
True,False,False,1.0,0.8490743065344448,0.7841170972933742,62,0.3654354058419568,6,connectome
False,False,True,0.575,2.392040234962383,0.9403891989953861,69,0.20211900586945408,6,connectome
True,False,False,1.0,0.8171770422734127,0.1994305360828281,58,0.055557855642898536,6,connectome
True,False,False,1.0,0.8630265030565476,0.5992721126927714,58,0.15186841718705893,6,connectome
True,False,False,1.0,0.8930865484759604,0.1444876694662761,59,0.08491867121932592,6,connectome
True,False,False,1.0,0.9175372998881276,0.5896418073908541,60,0.11852818761088363,6,connectome
True,False,False,1.0,0.8534155401769651,1.0,62,0.08450258524622913,6,P control
True,False,False,1.0,0.8624602722562456,1.0,62,0.0852175601024842,6,P control
True,False,False,1.0,0.8699390145080194,1.0,61,0.08599002209768175,6,P control
False,True,False,1.0,4.119875595922636,1.0,42,0.10951137549831955,6,P control
True,False,False,1.0,0.8789355967337357,1.0,59,0.08907541246523133,6,P control
True,False,False,1.0,0.8270010813741316,1.0,58,0.09073668281828266,6,P control
True,False,False,1.0,0.9414884147052544,0.9999999999999996,61,0.07839803466352196,6,P control
True,False,False,1.0,0.9767526070241827,0.9999999999999996,60,0.087482197145353,6,P control
False,True,False,1.0,2.3645388179875364,0.9999999999999996,51,0.08924818421735985,6,P control
True,False,False,1.0,0.8309509498611499,0.9999999999999999,59,0.08910985188138307,6,P control
False,True,False,0.5882352941176471,6.176417719103011,1.0,20,0.2969364021702817,6,P control
True,False,False,1.0,0.8452693366489092,1.0,58,0.09072130788911086,6,P control
True,False,False,1.0,0.8073151969429214,1.0,58,0.09074629855051385,6,P control
True,False,False,1.0,0.9217120062177394,0.9999999999999994,58,0.09069482871092426,6,P control
False,True,False,1.0,3.16817546493923,0.9999999999999999,48,0.09763986346162587,6,P control
True,False,False,1.0,0.850979164806055,1.0,59,0.08910067492122575,6,P control
True,False,False,1.0,0.8522510507342707,0.9999999999999997,58,0.09072614493193884,6,P control
False,True,False,0.925,5.433214719134311,1.0,37,0.15527511803599947,6,P control
True,False,False,1.0,0.8458666362938911,0.9999999999999994,59,0.08907337202082428,6,P control
False,True,False,1.0,1.9013825191604374,1.0,53,0.09255318373564793,6,P control
True,False,False,1.0,0.8005265897278513,0.9999999999999997,58,0.09075014857964173,6,P control
True,False,False,1.0,0.8063103307271294,1.0,58,0.09074391368832378,6,P control
True,False,False,1.0,0.8598466445631578,1.0,59,0.08909694034418353,6,P control
True,False,False,1.0,0.8858430026918533,0.9999999999999998,60,0.08751719465863307,6,P control
