reached,collided,steps,path_len,detour,turned_rad,cmd_rms,cmd_jerk,hf_fraction,settle_step,min_clearance,arm,seed,episode
True,False,61,11.799999999999999,1.0345121748468475,2.3829047647596857,3.7283342306785716,1.6578849984322708,0.37077934668818247,,0.9793379824386392,connectome,2,0
True,False,60,11.600000000000003,1.0169780701884268,0.8176639160996355,0.40268831667003335,0.06215584429224994,0.1501399626163524,8.0,0.9955204884407622,P blind,2,0
True,False,61,11.800000000000008,1.0345121748468482,2.037610813200465,0.6337507084947535,0.2858593816001836,0.0969344967531236,,1.1122505140596919,P + oracle,2,0
True,False,58,11.200000000000003,1.0165721842302642,1.331169756349218,3.405140729258342,1.2505006711232278,0.18642235531416693,57.0,3.745048119180977,connectome,2,1
True,False,58,11.200000000000001,1.016572184230264,0.04370961605177107,0.01990063587629484,0.00355912453125738,0.2312580474038437,0.0,3.8778169824443927,P blind,2,1
True,False,58,11.200000000000001,1.016572184230264,0.04370961605177107,0.01990063587629484,0.00355912453125738,0.2312580474038437,0.0,3.8778169824443927,P + oracle,2,1
True,False,65,12.600000000000001,1.0968274365812223,3.1618081258976733,3.771861200112565,1.8340677888234551,0.23943192746060185,32.0,0.32048736616684503,connectome,2,2
False,True,46,8.799999999999999,,0.6349465390360713,0.31165534400330364,0.1938356344252317,0.5565967625650733,27.0,0.406116413223204,P blind,2,2
True,False,64,12.399999999999999,1.079417477270409,2.0429043611484223,0.5498353440019293,0.27705891461802157,0.21056360706406768,55.0,0.921473637559773,P + oracle,2,2
True,False,58,11.200000000000003,1.0030365812656385,0.795359240858417,0.9269580402647966,0.7255936401972587,0.9007323128448146,0.0,4.4496789658698495,connectome,2,3
True,False,58,11.2,1.003036581265638,0.11977329132386114,0.054556266001904594,0.009762374049411292,0.23134958433503802,0.0,4.437116551231956,P blind,2,3
True,False,58,11.2,1.003036581265638,0.11977329132386114,0.054556266001904594,0.009762374049411292,0.23134958433503802,0.0,4.437116551231956,P + oracle,2,3
True,False,60,11.6,1.0162261082123918,1.895229490667309,3.329831640926763,1.682596976056538,0.1656736049477295,57.0,3.9221685831049733,connectome,2,4
True,False,60,11.6,1.0162261082123918,0.04141592436130359,0.018560490312646123,0.0033229226332793047,0.195939036784734,0.0,3.9699212351136763,P blind,2,4
True,False,60,11.6,1.0162261082123918,0.04141592436130359,0.018560490312646123,0.0033229226332793047,0.195939036784734,0.0,3.9699212351136763,P + oracle,2,4
True,False,58,11.200000000000001,1.0181107203184643,1.1155507443453834,1.1346970240543333,0.7268353432624516,0.4794886667658382,5.0,3.3913019144498913,connectome,2,5
True,False,58,11.200000000000005,1.0181107203184647,0.40957187622174074,0.19145216983116825,0.0330733510769566,0.22035656652652474,5.0,3.3740314078503557,P blind,2,5
True,False,58,11.200000000000005,1.0181107203184647,0.40957187622174074,0.19145216983116825,0.0330733510769566,0.22035656652652474,5.0,3.3740314078503557,P + oracle,2,5
False,True,44,8.399999999999999,,0.5733820471604409,0.29523003202857967,0.08837831192057276,0.20570137223594046,,0.41093249098287443,connectome,2,6
False,True,48,9.2,,0.42477311482449165,0.19808696535315443,0.10670118216009941,0.2165105299858465,31.0,0.2812947702632205,P blind,2,6
True,False,61,11.8,1.0497659158461012,1.3191033437209976,0.5437363887802154,0.349797326249666,0.2557683965075646,51.0,0.3750026189129605,P + oracle,2,6
True,False,62,11.999999999999998,1.0443486320768807,2.9215293493010157,3.6653185632832552,1.7824467741830206,0.2250391042403242,58.0,1.3942397439246585,connectome,2,7
True,False,60,11.600000000000001,1.0095370110076516,0.8291627129926091,0.4077306225839911,0.06262723480404096,0.1477726749658096,8.0,1.6834706011228646,P blind,2,7
True,False,60,11.600000000000003,1.0095370110076518,1.1732594769043079,0.43585319271622874,0.1107434141788409,0.13060533063691218,8.0,1.9094520749819464,P + oracle,2,7
False,True,44,8.399999999999999,,0.4953325955641944,0.5259031990574696,0.39190311422469126,0.689308696544254,0.0,0.2891014142298136,connectome,2,8
False,True,43,8.2,,0.10507217592303203,0.04195853816259019,0.011739826594556694,0.0882754653567364,0.0,0.2556864667963291,P blind,2,8
False,False,120,23.59999999999998,,1.6061929738875507,0.37843562868752134,0.2813982546812437,0.39973557408120797,,0.7863257988301067,P + oracle,2,8
True,False,61,11.800000000000002,1.0119961313824168,1.776023060512569,3.73074229590006,1.7085846178418305,0.26057869769314773,,2.037460305429284,connectome,2,9
True,False,61,11.799999999999997,1.0119961313824164,0.12859935098867142,0.05719583227754713,0.010246797862699848,0.19836957444698675,0.0,2.0272172819385235,P blind,2,9
True,False,61,11.799999999999999,1.0119961313824164,0.4085547597484255,0.15344628394350207,0.08682387627530576,0.15694278576432427,0.0,2.183517585198335,P + oracle,2,9
True,False,58,11.2,1.016517728793827,1.8403782265532924,4.544114114877268,1.4724325129807831,0.25634729446377513,,2.868937799920194,connectome,2,10
True,False,58,11.2,1.016517728793827,0.40801682842408526,0.19068111414720504,0.03295496354655075,0.22049004913389755,5.0,2.577794201659217,P blind,2,10
True,False,58,11.200000000000001,1.0165177287938272,0.5957411090958564,0.22776586681492872,0.09129314663238929,0.5047616228739483,5.0,2.7011776624343087,P + oracle,2,10
True,False,59,11.4,1.0069210801452637,1.06003646318523,1.6000641304091408,1.069524651504713,0.4990085787743201,0.0,1.8003757980364052,connectome,2,11
True,False,59,11.4,1.0069210801452637,0.05104960115844026,0.023064927831403022,0.004128700795123257,0.23432613258438217,0.0,1.811959650603892,P blind,2,11
True,False,59,11.4,1.0069210801452637,0.8202059887754105,0.22234991472239124,0.14169009538554742,0.18716769783485787,0.0,2.104496133882383,P + oracle,2,11
True,False,58,11.199999999999998,1.0114729155432711,1.3488361102577708,2.612978854997264,1.5121273254881566,0.41001440725321053,0.0,0.6734527495189584,connectome,2,12
True,False,58,11.200000000000001,1.0114729155432713,0.07584998007924418,0.03453969426093993,0.0061784892793410075,0.23129206055929757,0.0,0.7298874319117172,P blind,2,12
True,False,59,11.400000000000004,1.0295349318922586,1.037373773893313,0.32268216580051057,0.16828804740849854,0.14660005595784706,50.0,1.2771229234522326,P + oracle,2,12
True,False,58,11.199999999999998,1.0180712894959354,1.17723852717968,2.5788458345230785,1.1992975557908025,0.24149584986385436,0.0,2.993989804380533,connectome,2,13
True,False,58,11.2,1.0180712894959356,0.021369394547269834,0.009728828374586948,0.0017398455547677878,0.23124786747816206,0.0,3.0391779929592557,P blind,2,13
True,False,58,11.2,1.0180712894959356,0.021369394547269834,0.009728828374586948,0.0017398455547677878,0.23124786747816206,0.0,3.0391779929592557,P + oracle,2,13
False,True,55,10.6,,1.4124102158886291,0.7560111698917173,0.2974041949174621,0.33612109692501785,54.0,0.3195630163274379,connectome,2,14
False,True,53,10.200000000000001,,0.6022845919181525,0.2842816790866402,0.047858113175590924,0.20265570814342768,6.0,0.27569250012020285,P blind,2,14
True,False,61,11.800000000000006,1.067572394181071,1.9339075064565394,0.5779261851754147,0.21156124751939162,0.13269767332395424,,0.5943871438693369,P + oracle,2,14
True,False,60,11.599999999999996,1.0116758697923052,1.793591073109646,3.0452457756292803,1.1825820127274094,0.1130300561258669,6.0,5.651454710265863,connectome,2,15
True,False,60,11.6,1.0116758697923054,0.5411686099202027,0.2552250861769185,0.042652355371107814,0.17532766205319797,6.0,5.614135854960785,P blind,2,15
True,False,60,11.6,1.0116758697923054,0.5411686099202027,0.2552250861769185,0.042652355371107814,0.17532766205319797,6.0,5.614135854960785,P + oracle,2,15
True,False,62,12.0,1.0217363219722293,2.021607589048125,1.674640859159569,1.2406360258540166,0.7239593546220425,12.0,1.2272602458180117,connectome,3,0
True,False,62,12.000000000000004,1.0217363219722295,0.79373278324199,0.38430966966969815,0.05984967707334247,0.16074027358078985,8.0,1.1001909222261763,P blind,3,0
True,False,63,12.200000000000001,1.0387652606717663,1.2430543680013155,0.4425811475830507,0.20918599672381855,0.37170832451070956,,1.3219396998555588,P + oracle,3,0
True,False,59,11.4,1.036317616541208,3.3919825535101333,3.8742701994714706,1.7756907419418935,0.15030397936430454,56.0,0.36667985577347917,connectome,3,1
False,True,21,3.8000000000000007,,0.48854931132392165,0.3679887876081795,0.061042174047444234,0.2228563995074256,6.0,0.34095188552916755,P blind,3,1
True,False,59,11.399999999999999,1.0363176165412078,2.0736698200689276,0.6657833099482376,0.31590429160145056,0.11844411896761979,23.0,0.7791351322275956,P + oracle,3,1
False,True,29,5.4,,0.4264357175045579,0.33268885801355863,0.1647607959336201,0.238906550779104,0.0,0.2594221051140876,connectome,3,2
False,True,29,5.3999999999999995,,0.18021890620084824,0.11579313766579596,0.021583716778484585,0.3197042798767716,0.0,0.2540888004783255,P blind,3,2
True,False,64,12.399999999999999,1.0394792071953884,2.1652994473689957,0.5074456340045478,0.2549328017701773,0.13896011146180118,32.0,1.2234346245635954,P + oracle,3,2
True,False,62,12.000000000000004,1.0160139642787003,1.7881955851655782,4.008804113286398,1.3281095585748932,0.11760507582606726,,0.47402539981885194,connectome,3,3
True,False,62,12.000000000000005,1.0160139642787005,0.29949273456420156,0.1332768473671504,0.023640115435683708,0.20012643440356281,4.0,0.48949394118035205,P blind,3,3
True,False,63,12.2,1.0329475303500117,1.614934191185843,0.4649412513932014,0.20271949805973707,0.13067757017723716,,1.2898351943948008,P + oracle,3,3
True,False,60,11.600000000000001,1.0075529526791014,1.7313187070809546,2.7498449311275532,1.5500821441114894,0.36742944217106965,2.0,5.482103056000844,connectome,3,4
True,False,60,11.600000000000001,1.0075529526791014,0.24171506262761616,0.1085165594666293,0.019399660227529356,0.19545056485035367,3.0,5.446548801367032,P blind,3,4
True,False,60,11.600000000000001,1.0075529526791014,0.24171506262761616,0.1085165594666293,0.019399660227529356,0.19545056485035367,3.0,5.446548801367032,P + oracle,3,4
True,False,59,11.4,1.0176084718464788,1.9711468148350515,4.380882277932718,1.4584501092492768,0.23462944800120372,,3.185229836749358,connectome,3,5
True,False,59,11.399999999999991,1.0176084718464782,0.41348187716543194,0.19190649262069462,0.03313495289120158,0.22306947868740537,5.0,3.057743714507888,P blind,3,5
True,False,59,11.399999999999991,1.0176084718464782,0.41348187716543194,0.19190649262069462,0.03313495289120158,0.22306947868740537,5.0,3.057743714507888,P + oracle,3,5
True,False,61,11.799999999999999,1.009254276891179,1.4187451990503503,3.503345818082975,1.4509334790440553,0.26779804040829647,,0.6554753690631518,connectome,3,6
True,False,61,11.8,1.009254276891179,0.027330101826783082,0.011082876777002159,0.005997336565130865,0.6218250182925537,0.0,0.5942100795906533,P blind,3,6
True,False,63,12.199999999999998,1.0434662862773205,0.5581293949633823,0.22066693786138636,0.05697563755035896,0.09899408203523578,,0.4758097167744595,P + oracle,3,6
True,False,59,11.4,1.014314730165934,1.1360111392124073,2.7472807486957005,1.1099720736666545,0.3684984700135649,0.0,3.1813031553222593,connectome,3,7
True,False,59,11.399999999999999,1.0143147301659339,0.10061857245593259,0.0454506215530652,0.00813371613475271,0.23428338323749678,0.0,3.2613820742281767,P blind,3,7
True,False,59,11.399999999999999,1.0143147301659339,0.10061857245593259,0.0454506215530652,0.00813371613475271,0.23428338323749678,0.0,3.2613820742281767,P + oracle,3,7
True,False,58,11.199999999999998,1.0040133485389637,1.6249474633048266,2.7804957849022043,1.185064739267726,0.25826007689991975,3.0,1.8615064953635694,connectome,3,8
True,False,58,11.2,1.0040133485389637,0.2764791083888946,0.1265503530527541,0.022503367183057434,0.22941898645042,3.0,2.01490260869629,P blind,3,8
True,False,58,11.2,1.0040133485389637,0.6006068899040513,0.1806907717612378,0.0934040972185423,0.32180549998427893,3.0,2.2211205343085973,P + oracle,3,8
True,False,60,11.599999999999998,1.0103698375364647,2.3022065767710327,3.258774030443775,1.7996432905279722,0.28311701853375976,3.0,2.869423833861721,connectome,3,9
True,False,60,11.600000000000005,1.0103698375364654,0.3477000848398856,0.15828591146502324,0.027782089993306402,0.1899865740641454,4.0,2.9631231763793706,P blind,3,9
True,False,60,11.600000000000005,1.0103698375364654,0.3477000848398856,0.15828591146502324,0.027782089993306402,0.1899865740641454,4.0,2.9631231763793706,P + oracle,3,9
True,False,60,11.600000000000003,1.0163756858001924,2.2284709920196133,3.8889923205521764,1.357527729635611,0.06654364338130424,59.0,0.7040212610878336,connectome,3,10
True,False,60,11.6,1.0163756858001922,0.5777776400720412,0.2742410945157453,0.045372537908102015,0.1724349954230756,6.0,0.831323970126163,P blind,3,10
True,False,61,11.8,1.0338994045208854,1.8934951102115327,0.439508534967272,0.19571598472150167,0.14305655704862005,55.0,1.4011634144304057,P + oracle,3,10
True,False,59,11.4,1.0314707098798679,2.384519769509679,3.6323327823945295,1.6181149307332716,0.163228602126015,56.0,4.240307434988746,connectome,3,11
True,False,58,11.199999999999998,1.0133747325135543,0.6503065293244805,0.31767997051294533,0.05146123377426198,0.19999360000993271,7.0,4.413517006738203,P blind,3,11
True,False,58,11.199999999999998,1.0133747325135543,0.6503065293244805,0.31767997051294533,0.05146123377426198,0.19999360000993271,7.0,4.413517006738203,P + oracle,3,11
True,False,60,11.599999999999998,1.0068931667537395,1.5182072049342066,2.6518129095668215,1.5460673359845098,0.42843400486688565,0.0,4.863150147126973,connectome,3,12
True,False,60,11.600000000000001,1.0068931667537397,0.08338431651863276,0.03737953933757952,0.006694495457389934,0.19598731076638384,0.0,4.811767826492691,P blind,3,12
True,False,60,11.600000000000001,1.0068931667537397,0.08338431651863276,0.03737953933757952,0.006694495457389934,0.19598731076638384,0.0,4.811767826492691,P + oracle,3,12
True,False,60,11.6,1.0097344440397136,1.583213616666388,3.238881662946938,1.3666284118498806,0.3120543680191876,,0.8117651372465841,connectome,3,13
True,False,60,11.6,1.0097344440397136,0.4618845423963062,0.2077656054164596,0.03567728858498508,0.19558738137940213,5.0,0.8152144905665771,P blind,3,13
True,False,62,12.000000000000002,1.0445528731445315,0.909988700473497,0.33618131872431817,0.19685496919821616,0.18045799323429612,,1.0419871415923492,P + oracle,3,13
True,False,58,11.200000000000006,1.0153224283434896,1.777558554549732,2.6868179061599125,1.4184339233158896,0.30249981637498097,4.0,1.814929079775731,connectome,3,14
True,False,58,11.200000000000005,1.0153224283434894,0.4374018784769576,0.2055581974316817,0.03525908866139522,0.2180752849013486,5.0,1.9304539540618764,P blind,3,14
True,False,58,11.200000000000003,1.0153224283434892,1.0069473582199517,0.2845612158197309,0.1256772837033782,0.1912565589207091,5.0,2.2616493415729044,P + oracle,3,14
True,False,58,11.200000000000006,1.0108679689070594,1.443869615856925,3.014681140295215,1.440049256189099,0.5210397301270726,2.0,2.1302862924307875,connectome,3,15
True,False,58,11.200000000000003,1.010867968907059,0.2253018353996712,0.10264782620010246,0.018353299884912678,0.23114277019298415,2.0,2.0945531131420596,P blind,3,15
True,False,58,11.199999999999998,1.0108679689070585,0.4099249980756129,0.1259090121078094,0.0646737675326725,0.29910417054328425,2.0,2.1964046125251877,P + oracle,3,15
