reached,collided,dist,corr,off_rng,condition
0.6666666666666666,0.2916666666666667,2.617505296652928,0.9999999999999999,0.12272904199050572,P control (kp 2)
0.08333333333333333,0.25,10.442390572201509,,,straight
0.20833333333333334,0.25,9.831585436522326,0.0830157746606139,11.473950285982855,head 0.0 sc 300 raw
0.3333333333333333,0.4166666666666667,9.318340496370197,-0.19140798529668307,8.59446570384228,head 0.0 sc 1000 raw
0.0,0.20833333333333334,5.674804440273583,0.41950037307334553,4.436361392659836,head 0.0 sc 3000 raw
0.20833333333333334,0.25,9.840011807652653,0.034157257146245845,1.3461534870502394,head 1.0 sc 300 raw
0.3333333333333333,0.375,9.467759374070194,-0.31800928696664166,1.7303176340089939,head 1.0 sc 1000 raw
0.0,0.25,5.0186718853946735,0.37480387893258305,0.6987047421168948,head 1.0 sc 3000 raw
0.08333333333333333,0.2916666666666667,9.990383378311757,0.6932673154394203,0.4708613710852125,head 0.0 sc 300 fixed
0.25,0.4166666666666667,7.258670530954883,0.6535719027349528,0.4309753171028672,head 0.0 sc 1000 fixed
0.6666666666666666,0.08333333333333333,1.9962012471837403,0.500127071441767,0.22026406275618457,head 0.0 sc 3000 fixed
0.08333333333333333,0.2916666666666667,9.984322263307602,0.6310898038971617,0.6096577402554794,head 1.0 sc 300 fixed
0.25,0.3333333333333333,7.3919527070335524,0.6443613399039976,0.5568101404424172,head 1.0 sc 1000 fixed
0.7083333333333334,0.08333333333333333,1.832518650704273,0.6010119040541453,0.27305313135358134,head 1.0 sc 3000 fixed
