seed,arm,reached,collided,timeout,dist,rate_sat,accel_sat,secs
2,P control (blind),0.7916666666666666,0.20833333333333334,0.0,1.4922477552258624,0.0,0.012011532987869939,4.0220130999950925
2,P + oracle obstacles,0.9583333333333334,0.0,0.041666666666666664,1.566989150953466,0.000781676912568306,0.030145938830556645,4.69459050000296
2,straight,0.20833333333333334,0.2916666666666667,0.5,8.332000595606159,0.0,0.0,4.6670163000089815
2,connectome gain -3e+06,0.875,0.125,0.0,1.3501489289275408,0.013936340422388638,0.2519033049482358,110.2817098999949
3,P control (blind),0.875,0.125,0.0,1.6503945669721107,0.0,0.010276059276286463,4.345285599993076
3,P + oracle obstacles,0.9583333333333334,0.0,0.041666666666666664,1.5587407370073532,0.0008651129943502825,0.028687013620933455,5.143223899998702
3,straight,0.08333333333333333,0.25,0.6666666666666666,10.296244415844141,0.0,0.0,6.2547136999928625
3,connectome gain -3e+06,1.0,0.0,0.0,0.9103516350441018,0.02325712423447186,0.30257746108433903,113.65962380000565
4,P control (blind),0.9166666666666666,0.041666666666666664,0.041666666666666664,1.8060071172937102,0.0,0.00892318250602017,1.9050872000079835
4,P + oracle obstacles,0.9166666666666666,0.0,0.08333333333333333,2.101258891633906,9.548611111111112e-05,0.022435336726861127,1.828854899998987
4,straight,0.125,0.16666666666666666,0.7083333333333334,10.472963567595313,0.0,0.0,2.540602900000522
4,connectome gain -3e+06,1.0,0.0,0.0,0.8931612740821023,0.01513398889244102,0.2775487930877033,118.8892688999913
5,P control (blind),0.6666666666666666,0.2916666666666667,0.041666666666666664,2.7987049951247926,0.0,0.012493710313409692,4.295231399999466
5,P + oracle obstacles,0.875,0.0,0.125,3.2401998593318573,0.0006336805555555556,0.03480545421215926,5.2739652000018395
5,straight,0.125,0.3333333333333333,0.5416666666666666,9.871606330996135,0.0,0.0,5.48052209999878
5,connectome gain -3e+06,0.7916666666666666,0.20833333333333334,0.0,1.4720317937834395,0.025159912681147544,0.26450266057337596,121.66138200000569
6,P control (blind),0.75,0.25,0.0,1.6088563101684354,0.0,0.00927431674365878,3.823049600003287
6,P + oracle obstacles,0.9583333333333334,0.0,0.041666666666666664,1.558679692762114,4.340277777777778e-05,0.03241489115583945,4.460378799994942
6,straight,0.20833333333333334,0.08333333333333333,0.7083333333333334,9.517178056216585,0.0,0.0,6.034565100009786
6,connectome gain -3e+06,0.7916666666666666,0.20833333333333334,0.0,1.4306181548475152,0.013514385908328798,0.25034114534401514,113.8822063000116
7,P control (blind),0.8333333333333334,0.125,0.041666666666666664,1.9185968521771137,0.0,0.00897809989258404,4.544009900011588
7,P + oracle obstacles,0.9166666666666666,0.0,0.08333333333333333,2.1452610003395303,0.0,0.02197181133694494,5.118164300001808
7,straight,0.08333333333333333,0.20833333333333334,0.7083333333333334,10.47429151770128,0.0,0.0,6.713994999998249
7,connectome gain -3e+06,0.875,0.125,0.0,1.1881129422167478,0.014307966289457552,0.2691907024769922,111.98910759999126
8,P control (blind),0.7916666666666666,0.16666666666666666,0.041666666666666664,1.908663688236384,0.0,0.009139289026707817,4.696938599998248
8,P + oracle obstacles,0.875,0.041666666666666664,0.08333333333333333,2.3652033573671813,0.004890309343434343,0.03135187571438538,5.17680040000414
8,straight,0.16666666666666666,0.08333333333333333,0.75,10.40509466794309,0.0,0.0,7.107522399994195
8,connectome gain -3e+06,0.8333333333333334,0.125,0.041666666666666664,2.357940730769851,0.019148761452482555,0.25299471034698334,128.3050091000041
9,P control (blind),0.8333333333333334,0.16666666666666666,0.0,1.6278213659365626,0.0,0.011862878853763534,4.271370899994508
9,P + oracle obstacles,0.9583333333333334,0.0,0.041666666666666664,1.779662990869446,0.0,0.027611876625466696,4.621581999992486
9,straight,0.125,0.2916666666666667,0.5833333333333334,9.367003887000857,0.0,0.0,5.600032200003625
9,connectome gain -3e+06,0.9166666666666666,0.08333333333333333,0.0,0.9930454022161367,0.014955110728182694,0.279253596295639,120.52087379999284
10,P control (blind),0.75,0.25,0.0,2.2368138134198055,0.0,0.012714134676743668,4.20544130000053
10,P + oracle obstacles,0.9583333333333334,0.0,0.041666666666666664,1.4352492141842585,0.0,0.029878559947418826,4.82542910000484
10,straight,0.041666666666666664,0.2916666666666667,0.6666666666666666,10.542214260371246,0.0,0.0,5.764332799997646
10,connectome gain -3e+06,0.8333333333333334,0.16666666666666666,0.0,1.278459183673083,0.022279857728050065,0.27156037453378873,122.58266199998616
11,P control (blind),0.75,0.25,0.0,1.9330259161465084,0.0,0.015205557905217056,3.8924796000064816
11,P + oracle obstacles,0.9583333333333334,0.0,0.041666666666666664,1.675221525971476,0.0,0.030561661953094194,4.4058520999969915
11,straight,0.08333333333333333,0.3333333333333333,0.5833333333333334,9.770736053234279,0.0,0.0,5.422186399999191
11,connectome gain -3e+06,0.875,0.125,0.0,1.383303725517966,0.027164902229419512,0.2697634179177471,116.86407699999108
