glom,slope,offrng,approach,crosses
ORN_VA7m,0.00016280979616567492,1.0366952193578165,True,False
ORN_V,0.00013297743862494826,0.6672945697921021,True,False
ORN_DL3,3.389388439245522e-05,0.4532059059665031,True,True
ORN_VM2,2.954056253656745e-05,0.01749506899466604,True,True
ORN_DA3,7.876253221184015e-06,2.357552489413434,True,False
ORN_DM5,-2.167717320844531e-05,1.6988582506961394,False,False
ORN_DA2,-2.3066706489771605e-05,0.8387879287372426,False,False
ORN_DC4,-2.751656575128436e-05,2.0694251064558915,False,False
ORN_VM7v,-3.422109875828028e-05,0.27731947189554934,False,True
ORN_VA1d,-5.001423414796591e-05,0.20924609945090883,False,True
ORN_DM3,-5.109194898977876e-05,0.4082089152643169,False,True
ORN_VA1v,-5.308998515829444e-05,0.8248960890449183,False,False
ORN_VL1,-5.737587343901396e-05,0.27958851995008677,False,True
ORN_DA1,-5.776522448286414e-05,0.17411091708073062,False,True
ORN_DA4m,-6.95406342856586e-05,0.411125145329493,False,True
ORN_VA4,-7.232953794300556e-05,0.853838849133921,False,False
ORN_VM5d,-7.829253445379436e-05,0.3625277172577637,False,True
ORN_VM4,-8.767409599386156e-05,0.05228705187356907,False,True
ORN_DL4,-8.863996481522918e-05,0.07823207293296726,False,True
ORN_DM6,-9.175192099064589e-05,0.20271752714926097,False,True
ORN_VC4,-0.00011831644224002957,0.2959870829420154,False,True
ORN_DC3,-0.00011887765140272677,0.010883647255977017,False,True
ORN_VM7d,-0.0001214191725011915,0.13286216862167663,False,True
ORN_VM6l,-0.00014374731108546257,0.48685822575681503,False,True
ORN_DM4,-0.0001461414503864944,0.17347566865058264,False,True
ORN_VM1,-0.000153285451233387,0.34597930299108687,False,True
ORN_DA4l,-0.00015527138020843267,0.6712539109037459,False,False
ORN_VA3,-0.00015675852773711085,0.5633719766617615,False,True
ORN_VM3,-0.000167214369866997,0.31955640662633095,False,True
ORN_DM2,-0.0001715494436211884,0.13574722015528654,False,True
ORN_VC3,-0.0001920537615660578,0.14305635303489952,False,True
ORN_VC2,-0.00019594008335843682,0.20410210250354624,False,True
ORN_VM5v,-0.00020011316519230604,0.2687415464824932,False,True
ORN_VA7l,-0.00021091371309012175,0.29502151252804637,False,True
ORN_D,-0.00022978859487921,0.08308464239521468,False,True
ORN_VA6,-0.0002302899374626577,0.6159433781279771,False,False
ORN_VM6m,-0.00023345876252278686,0.00603541795122209,False,True
ORN_VC5,-0.00026000908110290766,0.09704978058716941,False,True
ORN_DL1,-0.0002686314401216805,0.03718869534109359,False,True
ORN_DC2,-0.0002855827333405614,0.01051816510859361,False,True
ORN_DL5,-0.0002941048005595803,0.25547247976421233,False,True
ORN_DL2v,-0.0003160371561534703,0.8968032464268657,False,False
ORN_VA5,-0.0003537667216733098,0.7134398632632988,False,False
ORN_VM6v,-0.00035429326817393303,0.04149008528742612,False,True
ORN_DL2d,-0.00038140255492180586,0.21897032039638326,False,True
ORN_VC1,-0.00039940275019034743,0.06091216343735877,False,True
ORN_VA2,-0.0004167367587797344,0.0013481699726083575,False,True
ORN_DM1,-0.0004929940332658589,0.3940341974737097,False,True
ORN_DC1,-0.0005900003015995026,0.0808730513268972,False,True
ORN_VL2a,-0.0007465145899914205,0.08365825152906159,False,True
ORN_VL2p,-0.0008403985993936658,0.060166943506752835,False,True
ORN_DP1l,-0.0008973731310106814,0.08711244190005508,False,True
ORN_DP1m,-0.001063298317603767,0.0420546280282073,False,True
