found,first,steps,reached,collided,cue_frac,stopped,dist,corr,room,beams,arm,reachable,found_ok,found_walled
2,74.0,194,2 3,True,1.0,0.0,26.765196872136542,0.591134960175294,5,0,connectome,5,2,0
4,88.0,540,1 2 3 5,True,1.0,0.0,107.6,,5,0,planner,5,4,0
0,,36,,True,1.0,0.0,6.706197153487804,,5,0,centroid,5,0,0
2,74.0,1200,2 3,False,1.0,0.7183333333333334,26.63016158847732,0.16713616921031973,5,1,connectome,5,2,0
4,89.0,1200,1 2 3 5,False,1.0,0.385,106.55750203193772,,5,1,planner,5,4,0
1,170.0,1200,5,False,1.0,0.0,223.34603880562904,,5,1,centroid,5,1,0
2,110.0,1200,2 3,False,1.0,0.6983333333333334,25.052634594833357,0.27327082753135956,5,3,connectome,5,2,0
4,90.0,1200,1 2 3 5,False,1.0,0.2841666666666667,105.63397677061447,,5,3,planner,5,4,0
1,151.0,1200,5,False,1.0,0.0,221.52971927014568,,5,3,centroid,5,1,0
4,246.0,1200,1 2 3 5,False,1.0,0.016666666666666666,76.99063044113517,0.12657701604112553,5,6,connectome,5,4,0
4,95.0,1200,1 2 3 5,False,1.0,0.041666666666666664,113.22628383265207,,5,6,planner,5,4,0
2,145.0,1200,1 5,False,1.0,0.010833333333333334,145.45610195070165,,5,6,centroid,5,2,0
4,227.0,1200,1 2 3 5,False,1.0,0.014166666666666666,84.68599609998333,0.27029134603437055,5,12,connectome,5,4,0
4,94.0,1200,1 2 3 5,False,1.0,0.04,112.09568657932505,,5,12,planner,5,4,0
2,135.0,1200,1 5,False,1.0,0.015833333333333335,144.6503088000058,,5,12,centroid,5,2,0
4,143.0,1200,1 2 3 5,False,1.0,0.0,111.14190393426307,0.2893214708935432,5,24,connectome,5,4,0
4,94.0,1200,1 2 3 5,False,1.0,0.0375,112.75993145267367,,5,24,planner,5,4,0
2,136.0,1200,1 5,False,1.0,0.0025,154.42238306245184,,5,24,centroid,5,2,0
