found,first,steps,reached,collided,cue_frac,stopped,dist,corr,alternations,threat_mean,room,beams,arm,reachable,found_ok,found_walled
0,,93,,True,1.0,0.0,17.861934726188515,-0.055788208759675745,0.0,0.029961469248170607,6,0,connectome,6,0,0
5,66.0,504,0 1 3 4 5,True,1.0,0.0,100.4,,,,6,0,planner,6,5,0
3,97.0,251,0 1 4,True,1.0,0.0,47.96725334991727,,,,6,0,centroid,6,3,0
5,140.0,1200,0 1 3 4 5,False,1.0,0.0625,174.06313898433373,0.21853885062559772,1.0,0.10286169585167695,6,1,connectome,6,5,0
5,66.0,1200,0 1 3 4 5,False,1.0,0.2775,143.27390312997733,,,,6,1,planner,6,5,0
4,97.0,1200,0 1 3 4,False,1.0,0.0225,223.16178632449743,,,,6,1,centroid,6,4,0
6,228.0,1043,0 1 2 3 4 5,False,1.0,0.015340364333652923,150.78257018396192,0.3047720839461244,0.0,0.12447639931173547,6,3,connectome,6,6,0
5,66.0,1200,0 1 3 4 5,False,1.0,0.2966666666666667,141.04108128184194,,,,6,3,planner,6,5,0
4,97.0,1200,0 1 3 4,False,1.0,0.020833333333333332,221.61300688367425,,,,6,3,centroid,6,4,0
6,253.0,1178,0 1 2 3 4 5,False,1.0,0.02037351443123939,178.32305982073387,0.2983360520851045,0.0,0.0979001920933181,6,6,connectome,6,6,0
5,66.0,1200,0 1 3 4 5,False,1.0,0.26166666666666666,147.74268388054878,,,,6,6,planner,6,5,0
4,97.0,1200,0 1 3 4,False,1.0,0.009166666666666667,226.32349538613772,,,,6,6,centroid,6,4,0
5,181.0,1200,0 1 3 4 5,False,1.0,0.0125,196.02128126138075,0.2405267916484565,0.0,0.08813454809832656,6,12,connectome,6,5,0
5,66.0,1200,0 1 3 4 5,False,1.0,0.25,147.32163029026444,,,,6,12,planner,6,5,0
4,97.0,1200,0 1 3 4,False,1.0,0.024166666666666666,221.3873025867469,,,,6,12,centroid,6,4,0
5,258.0,1200,0 1 3 4 5,False,1.0,0.025,179.64974945751658,0.22499863375611143,0.0,0.07410042081010235,6,24,connectome,6,5,0
5,66.0,1200,0 1 3 4 5,False,1.0,0.2625,148.0473695478697,,,,6,24,planner,6,5,0
4,97.0,1200,0 1 3 4,False,1.0,0.015,222.6488509437081,,,,6,24,centroid,6,4,0
