reached,collided,final_dist,start_dist,turn_rad,saturation,condition,scale,bias
0.0,0.0,15.124461901912834,12.0358635881824,1485.3567833654583,0.0,trained (320 ep),222041.96875,-0.21842969954013824
0.0,0.0,13.066312705949816,12.0358635881824,66.57669958698098,0.0,scale 1e+04,10000.0,0.0
0.0,0.0,12.741620983399642,12.0358635881824,200.43712869221346,0.0,scale 3e+04,30000.0,0.0
0.0,0.0,12.903483498923672,12.0358635881824,401.19938725102696,0.0,scale 6e+04,60000.0,0.0
0.0,0.25,13.98165429563802,12.0358635881824,541.8981150118634,0.0,scale 1e+05,100000.0,0.0
0.0,0.0,16.79738084120268,12.0358635881824,1984.0770474240185,0.0,scale 3e+05,300000.0,0.0
0.0,0.0,11.407164783025499,12.0358635881824,6679.106391300262,0.0,scale 1e+06,1000000.0,0.0
0.0,0.0,11.148195538708034,12.0358635881824,401.9533583508805,0.0,scale -6e4 (flipped),-60000.0,0.0
0.0,0.75,6.793504582035855,12.0358635881824,0.0,0.0,zero (straight),0.0,0.0
