r_max_ratio,alpha_ratio,tau_ratio,e0_deg,outcome,feasible,feas_margin,baseline_success,baseline_settling_s,success,settling_time_s,iae_deg_s,max_abs_error_deg,max_overshoot_deg,zero_crossings,tail_zero_crossings,total_rotation_deg,brain_body_mismatch_deg,final_abs_error_deg,tail_spread_deg,plugin_intervention_fraction,rate_saturation_fraction,accel_saturation_fraction,timeout,success_tol10,success_tol20
0.005,0.01,1.0,-135.0,body_infeasible,False,0.8251041666666312,True,0.1,False,12.100000000000001,931.3097918680918,135.0,0.5405423971098062,4,0,136.6747839114156,14714.268013838055,0.015360432859673437,0.21673711614432548,0.9,0.0,0.0,True,False,False
0.005,0.01,1.0,-90.0,rescued_by_body,True,1.3201666666666096,False,,True,7.6000000000000005,418.42547723751,90.0,0.5405423971093737,15,0,91.70422626493779,6532.253652801452,2.8868749843959016e-08,4.144757898699773e-07,0.6,0.0,0.0,False,True,True
0.005,0.01,1.0,-60.0,success,True,2.200277777777683,True,0.2,True,4.6000000000000005,189.00047724387207,59.999999999999986,0.5405423971092465,22,0,61.704226322327074,2045.0492982547837,4.4018876791455075e-12,9.124375270182537e-11,0.4,0.0,0.0,False,True,True
0.005,0.01,1.0,-30.0,success,True,6.60083333333305,True,0.1,True,1.6,49.57547724387092,29.999999999999993,0.5405423971088393,26,0,31.704226322333625,384.3713531133926,2.5444437451708134e-14,1.7811106216195694e-13,0.2,0.0,0.0,False,True,True
0.005,0.01,1.0,30.0,success,True,6.60083333333305,True,0.1,True,1.6,49.57547724387091,29.999999999999993,0.5405423971090938,26,0,31.704226322334147,384.37135311339676,5.088887490341627e-14,1.7811106216195694e-13,0.2,0.0,0.0,False,True,True
0.005,0.01,1.0,60.0,success,True,2.200277777777683,True,0.2,True,4.6000000000000005,189.00047724387198,59.999999999999986,0.5405423971094245,22,0,61.70422632232604,2045.049298254797,4.274665491886967e-12,9.116741938947025e-11,0.4,0.0,0.0,False,True,True
0.005,0.01,1.0,90.0,rescued_by_body,True,1.3201666666666096,False,,True,7.6000000000000005,418.42547723751005,90.0,0.5405423971095263,15,0,91.70422626493836,6532.2536528015025,2.886908062164589e-08,4.1447606975878924e-07,0.6,0.0,0.0,False,True,True
0.005,0.01,1.0,135.0,body_infeasible,False,0.8251041666666312,True,0.1,False,12.100000000000001,931.3097918680922,135.0,0.5405423971100607,4,0,136.67478391141594,14714.268013838198,0.015360432859418993,0.21673711614452904,0.9,0.0,0.0,True,False,False
0.005,0.01,8.0,-135.0,body_infeasible,False,0.766771076580938,True,0.1,False,12.8,1024.0796398249272,135.0,2.9299078289574165,1,1,138.04215923973055,15827.151522922057,2.8809340512430133,4.904907657045972,0.98,0.0,0.0,True,False,False
0.005,0.01,8.0,-90.0,rescued_by_body,True,1.2268337225295007,False,,True,8.3,483.0950406996458,90.0,2.929885940776141,5,1,102.67526701720874,7829.650890779537,0.38204049275013324,0.8419595510612342,0.7333333333333333,0.0,0.0,False,True,True
0.005,0.01,8.0,-60.0,success,True,2.0447228708825014,True,0.2,True,5.300000000000001,233.1020857431126,59.999999999999986,2.9289683591915527,8,1,74.13268496199964,2626.9553034744617,0.1268798458847431,0.28979443007298267,0.5333333333333333,0.0,0.0,False,True,True
0.005,0.01,8.0,-30.0,success,True,6.134168612647504,True,0.1,True,2.3000000000000003,72.78318123153551,29.999999999999993,2.889722909606852,11,0,44.43405051399542,581.4777938255913,0.037319831183776506,0.09155604994574067,0.3333333333333333,0.0,0.0,False,True,True
0.005,0.01,8.0,30.0,success,True,6.134168612647504,True,0.1,True,2.3000000000000003,72.7831812315362,29.999999999999993,2.8897229096069537,11,0,44.434050513997235,581.4777938256007,0.0373198311840564,0.09155604994589332,0.3333333333333333,0.0,0.0,False,True,True
0.005,0.01,8.0,60.0,success,True,2.0447228708825014,True,0.2,True,5.300000000000001,233.10208574311275,59.999999999999986,2.928968359191833,8,1,74.13268496199983,2626.9553034744795,0.12687984588459045,0.28979443007300815,0.5333333333333333,0.0,0.0,False,True,True
0.005,0.01,8.0,90.0,rescued_by_body,True,1.2268337225295007,False,,True,8.3,483.09504069964623,90.0,2.929885940776319,5,1,102.67526701720921,7829.650890779591,0.38204049275041313,0.8419595510614377,0.7333333333333333,0.0,0.0,False,True,True
0.005,0.01,8.0,135.0,body_infeasible,False,0.766771076580938,True,0.1,False,12.8,1024.0796398249274,135.0,2.9299078289574925,1,1,138.04215923973064,15827.151522922215,2.8809340512430897,4.904907657046048,0.98,0.0,0.0,True,False,False
0.005,0.01,32.0,-135.0,body_infeasible,False,0.5784684766829481,True,0.1,False,,1285.8610159248021,135.0,0.0,0,0,118.79937949172803,19588.56740537104,16.68105942603832,8.904489775317627,1.0,0.0,0.0,True,False,False
0.005,0.01,32.0,-90.0,body_infeasible,False,0.9255495626927169,False,,False,10.600000000000001,670.3817690905499,90.0,9.957993910925612,1,1,100.65528510395067,11297.510854205711,9.360880360424066,0.5971135505015464,0.98,0.0,0.0,True,False,False
0.005,0.01,32.0,-60.0,success,True,1.5425826044878617,True,0.2,True,7.4,362.906182424366,59.999999999999986,9.345419801566859,2,2,82.64725465579,4157.5359180447385,3.864186750661999,3.2177651420688846,0.9466666666666667,0.0,0.0,False,True,True
0.005,0.01,32.0,-30.0,success,True,4.627747813463585,True,0.1,True,3.7,141.21809777368136,29.999999999999993,7.652778714256936,3,3,55.825549544004986,1144.2231814856423,2.064734668285621,0.3574266589300454,0.88,0.0,0.0,False,True,True
0.005,0.01,32.0,30.0,success,True,4.627747813463585,True,0.1,True,3.7,141.21809777368296,29.999999999999993,7.652778714257216,3,3,55.82554954400568,1144.2231814856596,2.0647346682861554,0.35742665892976544,0.88,0.0,0.0,False,True,True
0.005,0.01,32.0,60.0,success,True,1.5425826044878617,True,0.2,True,7.4,362.90618242436636,59.999999999999986,9.34541980156696,2,2,82.64725465579004,4157.535918044758,3.864186750661821,3.2177651420688846,0.9466666666666667,0.0,0.0,False,True,True
0.005,0.01,32.0,90.0,body_infeasible,False,0.9255495626927169,False,,False,10.600000000000001,670.38176909055,90.0,9.957993910925714,1,1,100.65528510395073,11297.510854205777,9.360880360424169,0.5971135505015464,0.98,0.0,0.0,True,False,False
0.005,0.01,32.0,135.0,body_infeasible,False,0.5784684766829481,True,0.1,False,,1285.8610159248021,135.0,0.0,0,0,118.79937949172803,19588.567405371225,16.68105942603832,8.904489775317627,1.0,0.0,0.0,True,False,False
0.005,0.05,1.0,-135.0,body_infeasible,False,0.8251041666666312,True,0.1,False,12.100000000000001,931.3097918680918,135.0,0.5405423971098062,4,0,136.6747839114156,14714.268013838055,0.015360432859673437,0.21673711614432548,0.9,0.0,0.0,True,False,False
0.005,0.05,1.0,-90.0,rescued_by_body,True,1.3201666666666096,False,,True,7.6000000000000005,418.42547723751,90.0,0.5405423971093737,15,0,91.70422626493779,6532.253652801452,2.8868749843959016e-08,4.144757898699773e-07,0.6,0.0,0.0,False,True,True
0.005,0.05,1.0,-60.0,success,True,2.200277777777683,True,0.2,True,4.6000000000000005,189.00047724387207,59.999999999999986,0.5405423971092465,22,0,61.704226322327074,2045.0492982547837,4.4018876791455075e-12,9.124375270182537e-11,0.4,0.0,0.0,False,True,True
0.005,0.05,1.0,-30.0,success,True,6.60083333333305,True,0.1,True,1.6,49.57547724387092,29.999999999999993,0.5405423971088393,26,0,31.704226322333625,384.3713531133926,2.5444437451708134e-14,1.7811106216195694e-13,0.2,0.0,0.0,False,True,True
0.005,0.05,1.0,30.0,success,True,6.60083333333305,True,0.1,True,1.6,49.57547724387091,29.999999999999993,0.5405423971090938,26,0,31.704226322334147,384.37135311339676,5.088887490341627e-14,1.7811106216195694e-13,0.2,0.0,0.0,False,True,True
0.005,0.05,1.0,60.0,success,True,2.200277777777683,True,0.2,True,4.6000000000000005,189.00047724387198,59.999999999999986,0.5405423971094245,22,0,61.70422632232604,2045.049298254797,4.274665491886967e-12,9.116741938947025e-11,0.4,0.0,0.0,False,True,True
0.005,0.05,1.0,90.0,rescued_by_body,True,1.3201666666666096,False,,True,7.6000000000000005,418.42547723751005,90.0,0.5405423971095263,15,0,91.70422626493836,6532.2536528015025,2.886908062164589e-08,4.1447606975878924e-07,0.6,0.0,0.0,False,True,True
0.005,0.05,1.0,135.0,body_infeasible,False,0.8251041666666312,True,0.1,False,12.100000000000001,931.3097918680922,135.0,0.5405423971100607,4,0,136.67478391141594,14714.268013838198,0.015360432859418993,0.21673711614452904,0.9,0.0,0.0,True,False,False
0.005,0.05,8.0,-135.0,body_infeasible,False,0.766771076580938,True,0.1,False,12.8,1024.0796398249272,135.0,2.9299078289574165,1,1,138.04215923973055,15827.151522922057,2.8809340512430133,4.904907657045972,0.98,0.0,0.0,True,False,False
0.005,0.05,8.0,-90.0,rescued_by_body,True,1.2268337225295007,False,,True,8.3,483.0950406996458,90.0,2.929885940776141,5,1,102.67526701720874,7829.650890779537,0.38204049275013324,0.8419595510612342,0.7333333333333333,0.0,0.0,False,True,True
0.005,0.05,8.0,-60.0,success,True,2.0447228708825014,True,0.2,True,5.300000000000001,233.1020857431126,59.999999999999986,2.9289683591915527,8,1,74.13268496199964,2626.9553034744617,0.1268798458847431,0.28979443007298267,0.5333333333333333,0.0,0.0,False,True,True
0.005,0.05,8.0,-30.0,success,True,6.134168612647504,True,0.1,True,2.3000000000000003,72.78318123153551,29.999999999999993,2.889722909606852,11,0,44.43405051399542,581.4777938255913,0.037319831183776506,0.09155604994574067,0.3333333333333333,0.0,0.0,False,True,True
0.005,0.05,8.0,30.0,success,True,6.134168612647504,True,0.1,True,2.3000000000000003,72.7831812315362,29.999999999999993,2.8897229096069537,11,0,44.434050513997235,581.4777938256007,0.0373198311840564,0.09155604994589332,0.3333333333333333,0.0,0.0,False,True,True
0.005,0.05,8.0,60.0,success,True,2.0447228708825014,True,0.2,True,5.300000000000001,233.10208574311275,59.999999999999986,2.928968359191833,8,1,74.13268496199983,2626.9553034744795,0.12687984588459045,0.28979443007300815,0.5333333333333333,0.0,0.0,False,True,True
0.005,0.05,8.0,90.0,rescued_by_body,True,1.2268337225295007,False,,True,8.3,483.09504069964623,90.0,2.929885940776319,5,1,102.67526701720921,7829.650890779591,0.38204049275041313,0.8419595510614377,0.7333333333333333,0.0,0.0,False,True,True
0.005,0.05,8.0,135.0,body_infeasible,False,0.766771076580938,True,0.1,False,12.8,1024.0796398249274,135.0,2.9299078289574925,1,1,138.04215923973064,15827.151522922215,2.8809340512430897,4.904907657046048,0.98,0.0,0.0,True,False,False
0.005,0.05,32.0,-135.0,body_infeasible,False,0.5784684766829481,True,0.1,False,,1285.8610159248021,135.0,0.0,0,0,118.79937949172803,19588.56740537104,16.68105942603832,8.904489775317627,1.0,0.0,0.0,True,False,False
0.005,0.05,32.0,-90.0,body_infeasible,False,0.9255495626927169,False,,False,10.600000000000001,670.3817690905499,90.0,9.957993910925612,1,1,100.65528510395067,11297.510854205711,9.360880360424066,0.5971135505015464,0.98,0.0,0.0,True,False,False
0.005,0.05,32.0,-60.0,success,True,1.5425826044878617,True,0.2,True,7.4,362.906182424366,59.999999999999986,9.345419801566859,2,2,82.64725465579,4157.5359180447385,3.864186750661999,3.2177651420688846,0.9466666666666667,0.0,0.0,False,True,True
0.005,0.05,32.0,-30.0,success,True,4.627747813463585,True,0.1,True,3.7,141.21809777368136,29.999999999999993,7.652778714256936,3,3,55.825549544004986,1144.2231814856423,2.064734668285621,0.3574266589300454,0.88,0.0,0.0,False,True,True
0.005,0.05,32.0,30.0,success,True,4.627747813463585,True,0.1,True,3.7,141.21809777368296,29.999999999999993,7.652778714257216,3,3,55.82554954400568,1144.2231814856596,2.0647346682861554,0.35742665892976544,0.88,0.0,0.0,False,True,True
0.005,0.05,32.0,60.0,success,True,1.5425826044878617,True,0.2,True,7.4,362.90618242436636,59.999999999999986,9.34541980156696,2,2,82.64725465579004,4157.535918044758,3.864186750661821,3.2177651420688846,0.9466666666666667,0.0,0.0,False,True,True
0.005,0.05,32.0,90.0,body_infeasible,False,0.9255495626927169,False,,False,10.600000000000001,670.38176909055,90.0,9.957993910925714,1,1,100.65528510395073,11297.510854205777,9.360880360424169,0.5971135505015464,0.98,0.0,0.0,True,False,False
0.005,0.05,32.0,135.0,body_infeasible,False,0.5784684766829481,True,0.1,False,,1285.8610159248021,135.0,0.0,0,0,118.79937949172803,19588.567405371225,16.68105942603832,8.904489775317627,1.0,0.0,0.0,True,False,False
0.005,4.0,1.0,-135.0,body_infeasible,False,0.8251041666666312,True,0.1,False,12.100000000000001,931.3097918680918,135.0,0.5405423971098062,4,0,136.6747839114156,14714.268013838055,0.015360432859673437,0.21673711614432548,0.9,0.0,0.0,True,False,False
0.005,4.0,1.0,-90.0,rescued_by_body,True,1.3201666666666096,False,,True,7.6000000000000005,418.42547723751,90.0,0.5405423971093737,15,0,91.70422626493779,6532.253652801452,2.8868749843959016e-08,4.144757898699773e-07,0.6,0.0,0.0,False,True,True
0.005,4.0,1.0,-60.0,success,True,2.200277777777683,True,0.2,True,4.6000000000000005,189.00047724387207,59.999999999999986,0.5405423971092465,22,0,61.704226322327074,2045.0492982547837,4.4018876791455075e-12,9.124375270182537e-11,0.4,0.0,0.0,False,True,True
0.005,4.0,1.0,-30.0,success,True,6.60083333333305,True,0.1,True,1.6,49.57547724387092,29.999999999999993,0.5405423971088393,26,0,31.704226322333625,384.3713531133926,2.5444437451708134e-14,1.7811106216195694e-13,0.2,0.0,0.0,False,True,True
0.005,4.0,1.0,30.0,success,True,6.60083333333305,True,0.1,True,1.6,49.57547724387091,29.999999999999993,0.5405423971090938,26,0,31.704226322334147,384.37135311339676,5.088887490341627e-14,1.7811106216195694e-13,0.2,0.0,0.0,False,True,True
0.005,4.0,1.0,60.0,success,True,2.200277777777683,True,0.2,True,4.6000000000000005,189.00047724387198,59.999999999999986,0.5405423971094245,22,0,61.70422632232604,2045.049298254797,4.274665491886967e-12,9.116741938947025e-11,0.4,0.0,0.0,False,True,True
0.005,4.0,1.0,90.0,rescued_by_body,True,1.3201666666666096,False,,True,7.6000000000000005,418.42547723751005,90.0,0.5405423971095263,15,0,91.70422626493836,6532.2536528015025,2.886908062164589e-08,4.1447606975878924e-07,0.6,0.0,0.0,False,True,True
0.005,4.0,1.0,135.0,body_infeasible,False,0.8251041666666312,True,0.1,False,12.100000000000001,931.3097918680922,135.0,0.5405423971100607,4,0,136.67478391141594,14714.268013838198,0.015360432859418993,0.21673711614452904,0.9,0.0,0.0,True,False,False
0.005,4.0,8.0,-135.0,body_infeasible,False,0.766771076580938,True,0.1,False,12.8,1024.0796398249272,135.0,2.9299078289574165,1,1,138.04215923973055,15827.151522922057,2.8809340512430133,4.904907657045972,0.98,0.0,0.0,True,False,False
0.005,4.0,8.0,-90.0,rescued_by_body,True,1.2268337225295007,False,,True,8.3,483.0950406996458,90.0,2.929885940776141,5,1,102.67526701720874,7829.650890779537,0.38204049275013324,0.8419595510612342,0.7333333333333333,0.0,0.0,False,True,True
0.005,4.0,8.0,-60.0,success,True,2.0447228708825014,True,0.2,True,5.300000000000001,233.1020857431126,59.999999999999986,2.9289683591915527,8,1,74.13268496199964,2626.9553034744617,0.1268798458847431,0.28979443007298267,0.5333333333333333,0.0,0.0,False,True,True
0.005,4.0,8.0,-30.0,success,True,6.134168612647504,True,0.1,True,2.3000000000000003,72.78318123153551,29.999999999999993,2.889722909606852,11,0,44.43405051399542,581.4777938255913,0.037319831183776506,0.09155604994574067,0.3333333333333333,0.0,0.0,False,True,True
0.005,4.0,8.0,30.0,success,True,6.134168612647504,True,0.1,True,2.3000000000000003,72.7831812315362,29.999999999999993,2.8897229096069537,11,0,44.434050513997235,581.4777938256007,0.0373198311840564,0.09155604994589332,0.3333333333333333,0.0,0.0,False,True,True
0.005,4.0,8.0,60.0,success,True,2.0447228708825014,True,0.2,True,5.300000000000001,233.10208574311275,59.999999999999986,2.928968359191833,8,1,74.13268496199983,2626.9553034744795,0.12687984588459045,0.28979443007300815,0.5333333333333333,0.0,0.0,False,True,True
0.005,4.0,8.0,90.0,rescued_by_body,True,1.2268337225295007,False,,True,8.3,483.09504069964623,90.0,2.929885940776319,5,1,102.67526701720921,7829.650890779591,0.38204049275041313,0.8419595510614377,0.7333333333333333,0.0,0.0,False,True,True
0.005,4.0,8.0,135.0,body_infeasible,False,0.766771076580938,True,0.1,False,12.8,1024.0796398249274,135.0,2.9299078289574925,1,1,138.04215923973064,15827.151522922215,2.8809340512430897,4.904907657046048,0.98,0.0,0.0,True,False,False
0.005,4.0,32.0,-135.0,body_infeasible,False,0.5784684766829481,True,0.1,False,,1285.8610159248021,135.0,0.0,0,0,118.79937949172803,19588.56740537104,16.68105942603832,8.904489775317627,1.0,0.0,0.0,True,False,False
0.005,4.0,32.0,-90.0,body_infeasible,False,0.9255495626927169,False,,False,10.600000000000001,670.3817690905499,90.0,9.957993910925612,1,1,100.65528510395067,11297.510854205711,9.360880360424066,0.5971135505015464,0.98,0.0,0.0,True,False,False
0.005,4.0,32.0,-60.0,success,True,1.5425826044878617,True,0.2,True,7.4,362.906182424366,59.999999999999986,9.345419801566859,2,2,82.64725465579,4157.5359180447385,3.864186750661999,3.2177651420688846,0.9466666666666667,0.0,0.0,False,True,True
0.005,4.0,32.0,-30.0,success,True,4.627747813463585,True,0.1,True,3.7,141.21809777368136,29.999999999999993,7.652778714256936,3,3,55.825549544004986,1144.2231814856423,2.064734668285621,0.3574266589300454,0.88,0.0,0.0,False,True,True
0.005,4.0,32.0,30.0,success,True,4.627747813463585,True,0.1,True,3.7,141.21809777368296,29.999999999999993,7.652778714257216,3,3,55.82554954400568,1144.2231814856596,2.0647346682861554,0.35742665892976544,0.88,0.0,0.0,False,True,True
0.005,4.0,32.0,60.0,success,True,1.5425826044878617,True,0.2,True,7.4,362.90618242436636,59.999999999999986,9.34541980156696,2,2,82.64725465579004,4157.535918044758,3.864186750661821,3.2177651420688846,0.9466666666666667,0.0,0.0,False,True,True
0.005,4.0,32.0,90.0,body_infeasible,False,0.9255495626927169,False,,False,10.600000000000001,670.38176909055,90.0,9.957993910925714,1,1,100.65528510395073,11297.510854205777,9.360880360424169,0.5971135505015464,0.98,0.0,0.0,True,False,False
0.005,4.0,32.0,135.0,body_infeasible,False,0.5784684766829481,True,0.1,False,,1285.8610159248021,135.0,0.0,0,0,118.79937949172803,19588.567405371225,16.68105942603832,8.904489775317627,1.0,0.0,0.0,True,False,False
0.02,0.01,1.0,-135.0,success,True,3.2918749999998593,True,0.1,True,3.2,251.9131913543381,135.0,2.552513834741189,28,0,142.74663207867417,3786.9874358592406,1.7811106216195694e-13,2.7988881196878945e-13,0.22666666666666666,0.0,0.014,False,True,True
0.02,0.01,1.0,-90.0,rescued_by_body,True,5.266999999999774,False,,True,2.0,117.51084697898092,90.0,2.3167935726331708,26,0,97.75503473528343,1826.1430973916417,7.63333123551244e-14,5.088887490341627e-14,0.15333333333333332,0.0,0.013166666666666667,False,True,True
0.02,0.01,1.0,-60.0,success,True,8.778333333332958,True,0.2,True,1.3,56.23501312867218,59.999999999999986,2.8156488376720707,26,0,68.22606366169167,586.3367621015072,1.0177774980683254e-13,5.088887490341627e-14,0.1,0.0,0.015833333333333335,False,True,True
0.02,0.01,1.0,-30.0,success,True,26.334999999998875,True,0.1,True,0.5,17.122769582927678,29.999999999999993,2.3149716633383886,26,0,37.75045369747645,112.02030881970786,7.63333123551244e-14,7.63333123551244e-14,0.05333333333333334,0.0,0.013166666666666667,False,True,True
0.02,0.01,1.0,30.0,success,True,26.334999999998875,True,0.1,True,0.5,17.12276958292773,29.999999999999993,2.314971663338592,27,0,37.750453697477674,112.02030881970835,1.2722218725854067e-13,1.526666247102488e-13,0.05333333333333334,0.0,0.013166666666666667,False,True,True
0.02,0.01,1.0,60.0,success,True,8.778333333332958,True,0.2,True,1.3,56.23501312867196,59.999999999999986,2.8156488376720454,27,0,68.22606366169201,586.3367621015099,5.088887490341627e-14,1.7811106216195694e-13,0.1,0.0,0.015833333333333335,False,True,True
0.02,0.01,1.0,90.0,rescued_by_body,True,5.266999999999774,False,,True,2.0,117.51084697898051,90.0,2.316793572633476,27,0,97.75503473528121,1826.143097391656,1.0177774980683254e-13,5.088887490341627e-14,0.15333333333333332,0.0,0.013166666666666667,False,True,True
0.02,0.01,1.0,135.0,success,True,3.2918749999998593,True,0.1,True,3.2,251.91319135433778,135.0,2.5525138347416214,27,0,142.74663207867135,3786.987435859279,1.526666247102488e-13,2.2899993706537323e-13,0.22666666666666666,0.0,0.014,False,True,True
0.02,0.01,8.0,-135.0,success,True,3.067084306323752,True,0.1,True,3.8000000000000003,351.66458126874494,135.0,11.568316290741425,11,4,192.8561781480893,5035.107530099221,0.03238344553638053,0.2588201050170047,0.36,0.0,0.0,False,True,True
0.02,0.01,8.0,-90.0,rescued_by_body,True,4.907334890118003,False,,True,2.7,187.25378972704692,90.0,11.388077624474796,12,3,147.7829898995353,2943.319075939152,0.05655893033290457,0.20694241975717168,0.28,0.0,0.0,False,True,True
0.02,0.01,8.0,-60.0,success,True,8.178891483530006,True,0.2,True,1.9000000000000001,105.23235809835101,59.999999999999986,10.710549455739164,12,2,115.49311750381938,1114.0620404503254,0.00937444119434981,0.08797816224756393,0.22666666666666666,0.0,0.0,False,True,True
0.02,0.01,8.0,-30.0,success,True,24.536674450590017,True,0.1,True,1.0,45.08268521572273,29.999999999999993,8.822583584237078,13,1,78.65226170460424,333.89752676263424,0.016156407669214636,0.052116156107493775,0.13333333333333333,0.0,0.0,False,True,True
0.02,0.01,8.0,30.0,success,True,24.536674450590017,True,0.1,True,1.0,45.08268521572349,29.999999999999993,8.822583584237256,13,1,78.65226170460573,333.8975267626392,0.016156407669570858,0.05211615610774822,0.13333333333333333,0.0,0.0,False,True,True
0.02,0.01,8.0,60.0,success,True,8.178891483530006,True,0.2,True,1.9000000000000001,105.23235809835118,59.999999999999986,10.71054945573924,12,2,115.49311750382005,1114.0620404503331,0.009374441194324365,0.08797816224756393,0.22666666666666666,0.0,0.0,False,True,True
0.02,0.01,8.0,90.0,rescued_by_body,True,4.907334890118003,False,,True,2.7,187.25378972704704,90.0,11.388077624474848,12,3,147.78298989953518,2943.3190759391696,0.05655893033270102,0.20694241975722258,0.28,0.0,0.0,False,True,True
0.02,0.01,8.0,135.0,success,True,3.067084306323752,True,0.1,True,3.8000000000000003,351.6645812687453,135.0,11.568316290741553,11,4,192.85617814808987,5035.107530099274,0.03238344553630419,0.2588201050169029,0.36,0.0,0.0,False,True,True
0.02,0.01,32.0,-135.0,success,True,2.3138739067317924,True,0.1,True,5.7,655.4735337826073,135.0,31.903546132696025,3,3,240.12560040285004,8815.266604894785,9.803944026594753,6.835965915926984,0.9,0.0,0.0,False,False,True
0.02,0.01,32.0,-90.0,rescued_by_body,True,3.7021982507708677,False,,True,4.3,392.9170807667296,90.0,27.12055726829333,4,3,196.35075614025055,5739.257466942476,4.9662893190195625,9.150539190245729,0.82,0.0,0.0,False,True,True
0.02,0.01,32.0,-60.0,success,True,6.170330417951447,True,0.2,True,3.2,246.82863096226262,59.999999999999986,22.428706925858986,5,3,160.5811700052235,2517.0644845268357,0.4849881085258169,6.354295324788013,0.7533333333333333,0.0,0.0,False,True,True
0.02,0.01,32.0,-30.0,success,True,18.51099125385434,True,0.1,True,1.7000000000000002,120.86000282670418,29.999999999999993,15.129531907131831,6,5,116.35213497846946,940.7387405633431,2.7086085936827455,5.056019692720535,0.52,0.0,0.0,False,True,True
0.02,0.01,32.0,30.0,success,True,18.51099125385434,True,0.1,True,1.7000000000000002,120.86000282670443,29.999999999999993,15.129531907131883,6,5,116.35213497846976,940.7387405633456,2.7086085936825928,5.056019692720713,0.52,0.0,0.0,False,True,True
0.02,0.01,32.0,60.0,success,True,6.170330417951447,True,0.2,True,3.2,246.82863096226342,59.999999999999986,22.428706925859267,5,3,160.58117000522373,2517.064484526852,0.48498810852574054,6.35429532478786,0.7533333333333333,0.0,0.0,False,True,True
0.02,0.01,32.0,90.0,rescued_by_body,True,3.7021982507708677,False,,True,4.3,392.91708076673024,90.0,27.120557268293457,4,3,196.35075614025087,5739.25746694251,4.966289319019206,9.150539190245855,0.82,0.0,0.0,False,True,True
0.02,0.01,32.0,135.0,success,True,2.3138739067317924,True,0.1,True,5.7,655.4735337826074,135.0,31.90354613269613,3,3,240.12560040285,8815.266604894872,9.803944026594957,6.8359659159269075,0.9,0.0,0.0,False,False,True
0.02,0.05,1.0,-135.0,success,True,3.300416666666525,True,0.1,True,3.1,248.31629300048903,135.0,2.065594233762659,29,0,141.87749821873015,3748.1933304444124,5.088887490341627e-14,2.5444437451708134e-13,0.22666666666666666,0.0,0.0,False,True,True
0.02,0.05,1.0,-90.0,rescued_by_body,True,5.280666666666439,False,,True,2.0,115.19074544425831,90.0,2.2744571301196994,26,0,96.93228137336344,1776.840362029577,7.63333123551244e-14,7.63333123551244e-14,0.15333333333333332,0.0,0.0,False,True,True
0.02,0.05,1.0,-60.0,success,True,8.801111111110732,True,0.2,True,1.3,54.45305107957213,59.999999999999986,2.1665087497949282,30,0,66.83774312851742,563.3017673458377,2.5444437451708134e-14,1.7811106216195694e-13,0.1,0.0,0.0,False,True,True
0.02,0.05,1.0,-30.0,success,True,26.4033333333322,True,0.1,True,0.5,16.340600490357676,29.999999999999993,2.273894487419307,28,0,36.93021325330228,104.76766501788919,1.526666247102488e-13,1.7811106216195694e-13,0.05333333333333334,0.0,0.0,False,True,True
0.02,0.05,1.0,30.0,success,True,26.4033333333322,True,0.1,True,0.5,16.340600490357374,29.999999999999993,2.2738944874193834,35,0,36.930213253302306,104.76766501789002,7.63333123551244e-14,1.7811106216195694e-13,0.05333333333333334,0.0,0.0,False,True,True
0.02,0.05,1.0,60.0,success,True,8.801111111110732,True,0.2,True,1.3,54.45305107957216,59.999999999999986,2.1665087497951063,31,0,66.83774312851817,563.3017673458419,7.63333123551244e-14,1.7811106216195694e-13,0.1,0.0,0.0,False,True,True
0.02,0.05,1.0,90.0,rescued_by_body,True,5.280666666666439,False,,True,2.0,115.19074544425841,90.0,2.274457130119852,27,0,96.93228137336452,1776.8403620295883,1.0177774980683254e-13,5.088887490341627e-14,0.15333333333333332,0.0,0.0,False,True,True
0.02,0.05,1.0,135.0,success,True,3.300416666666525,True,0.1,True,3.1,248.31629300048894,135.0,2.0655942337626336,27,0,141.87749821872924,3748.193330444447,0.0,3.562221243239139e-13,0.22666666666666666,0.0,0.0,False,True,True
0.02,0.05,8.0,-135.0,success,True,3.067084306323752,True,0.1,True,3.8000000000000003,351.66458126874494,135.0,11.568316290741425,11,4,192.8561781480893,5035.107530099221,0.03238344553638053,0.2588201050170047,0.36,0.0,0.0,False,True,True
0.02,0.05,8.0,-90.0,rescued_by_body,True,4.907334890118003,False,,True,2.7,187.25378972704692,90.0,11.388077624474796,12,3,147.7829898995353,2943.319075939152,0.05655893033290457,0.20694241975717168,0.28,0.0,0.0,False,True,True
0.02,0.05,8.0,-60.0,success,True,8.178891483530006,True,0.2,True,1.9000000000000001,105.23235809835101,59.999999999999986,10.710549455739164,12,2,115.49311750381938,1114.0620404503254,0.00937444119434981,0.08797816224756393,0.22666666666666666,0.0,0.0,False,True,True
0.02,0.05,8.0,-30.0,success,True,24.536674450590017,True,0.1,True,1.0,45.08268521572273,29.999999999999993,8.822583584237078,13,1,78.65226170460424,333.89752676263424,0.016156407669214636,0.052116156107493775,0.13333333333333333,0.0,0.0,False,True,True
0.02,0.05,8.0,30.0,success,True,24.536674450590017,True,0.1,True,1.0,45.08268521572349,29.999999999999993,8.822583584237256,13,1,78.65226170460573,333.8975267626392,0.016156407669570858,0.05211615610774822,0.13333333333333333,0.0,0.0,False,True,True
0.02,0.05,8.0,60.0,success,True,8.178891483530006,True,0.2,True,1.9000000000000001,105.23235809835118,59.999999999999986,10.71054945573924,12,2,115.49311750382005,1114.0620404503331,0.009374441194324365,0.08797816224756393,0.22666666666666666,0.0,0.0,False,True,True
0.02,0.05,8.0,90.0,rescued_by_body,True,4.907334890118003,False,,True,2.7,187.25378972704704,90.0,11.388077624474848,12,3,147.78298989953518,2943.3190759391696,0.05655893033270102,0.20694241975722258,0.28,0.0,0.0,False,True,True
0.02,0.05,8.0,135.0,success,True,3.067084306323752,True,0.1,True,3.8000000000000003,351.6645812687453,135.0,11.568316290741553,11,4,192.85617814808987,5035.107530099274,0.03238344553630419,0.2588201050169029,0.36,0.0,0.0,False,True,True
0.02,0.05,32.0,-135.0,success,True,2.3138739067317924,True,0.1,True,5.7,655.4735337826073,135.0,31.903546132696025,3,3,240.12560040285004,8815.266604894785,9.803944026594753,6.835965915926984,0.9,0.0,0.0,False,False,True
0.02,0.05,32.0,-90.0,rescued_by_body,True,3.7021982507708677,False,,True,4.3,392.9170807667296,90.0,27.12055726829333,4,3,196.35075614025055,5739.257466942476,4.9662893190195625,9.150539190245729,0.82,0.0,0.0,False,True,True
0.02,0.05,32.0,-60.0,success,True,6.170330417951447,True,0.2,True,3.2,246.82863096226262,59.999999999999986,22.428706925858986,5,3,160.5811700052235,2517.0644845268357,0.4849881085258169,6.354295324788013,0.7533333333333333,0.0,0.0,False,True,True
0.02,0.05,32.0,-30.0,success,True,18.51099125385434,True,0.1,True,1.7000000000000002,120.86000282670418,29.999999999999993,15.129531907131831,6,5,116.35213497846946,940.7387405633431,2.7086085936827455,5.056019692720535,0.52,0.0,0.0,False,True,True
0.02,0.05,32.0,30.0,success,True,18.51099125385434,True,0.1,True,1.7000000000000002,120.86000282670443,29.999999999999993,15.129531907131883,6,5,116.35213497846976,940.7387405633456,2.7086085936825928,5.056019692720713,0.52,0.0,0.0,False,True,True
0.02,0.05,32.0,60.0,success,True,6.170330417951447,True,0.2,True,3.2,246.82863096226342,59.999999999999986,22.428706925859267,5,3,160.58117000522373,2517.064484526852,0.48498810852574054,6.35429532478786,0.7533333333333333,0.0,0.0,False,True,True
0.02,0.05,32.0,90.0,rescued_by_body,True,3.7021982507708677,False,,True,4.3,392.91708076673024,90.0,27.120557268293457,4,3,196.35075614025087,5739.25746694251,4.966289319019206,9.150539190245855,0.82,0.0,0.0,False,True,True
0.02,0.05,32.0,135.0,success,True,2.3138739067317924,True,0.1,True,5.7,655.4735337826074,135.0,31.90354613269613,3,3,240.12560040285,8815.266604894872,9.803944026594957,6.8359659159269075,0.9,0.0,0.0,False,False,True
0.02,4.0,1.0,-135.0,success,True,3.300416666666525,True,0.1,True,3.1,248.31629300048903,135.0,2.065594233762659,29,0,141.87749821873015,3748.1933304444124,5.088887490341627e-14,2.5444437451708134e-13,0.22666666666666666,0.0,0.0,False,True,True
0.02,4.0,1.0,-90.0,rescued_by_body,True,5.280666666666439,False,,True,2.0,115.19074544425831,90.0,2.2744571301196994,26,0,96.93228137336344,1776.840362029577,7.63333123551244e-14,7.63333123551244e-14,0.15333333333333332,0.0,0.0,False,True,True
0.02,4.0,1.0,-60.0,success,True,8.801111111110732,True,0.2,True,1.3,54.45305107957213,59.999999999999986,2.1665087497949282,30,0,66.83774312851742,563.3017673458377,2.5444437451708134e-14,1.7811106216195694e-13,0.1,0.0,0.0,False,True,True
0.02,4.0,1.0,-30.0,success,True,26.4033333333322,True,0.1,True,0.5,16.340600490357676,29.999999999999993,2.273894487419307,28,0,36.93021325330228,104.76766501788919,1.526666247102488e-13,1.7811106216195694e-13,0.05333333333333334,0.0,0.0,False,True,True
0.02,4.0,1.0,30.0,success,True,26.4033333333322,True,0.1,True,0.5,16.340600490357374,29.999999999999993,2.2738944874193834,35,0,36.930213253302306,104.76766501789002,7.63333123551244e-14,1.7811106216195694e-13,0.05333333333333334,0.0,0.0,False,True,True
0.02,4.0,1.0,60.0,success,True,8.801111111110732,True,0.2,True,1.3,54.45305107957216,59.999999999999986,2.1665087497951063,31,0,66.83774312851817,563.3017673458419,7.63333123551244e-14,1.7811106216195694e-13,0.1,0.0,0.0,False,True,True
0.02,4.0,1.0,90.0,rescued_by_body,True,5.280666666666439,False,,True,2.0,115.19074544425841,90.0,2.274457130119852,27,0,96.93228137336452,1776.8403620295883,1.0177774980683254e-13,5.088887490341627e-14,0.15333333333333332,0.0,0.0,False,True,True
0.02,4.0,1.0,135.0,success,True,3.300416666666525,True,0.1,True,3.1,248.31629300048894,135.0,2.0655942337626336,27,0,141.87749821872924,3748.193330444447,0.0,3.562221243239139e-13,0.22666666666666666,0.0,0.0,False,True,True
0.02,4.0,8.0,-135.0,success,True,3.067084306323752,True,0.1,True,3.8000000000000003,351.66458126874494,135.0,11.568316290741425,11,4,192.8561781480893,5035.107530099221,0.03238344553638053,0.2588201050170047,0.36,0.0,0.0,False,True,True
0.02,4.0,8.0,-90.0,rescued_by_body,True,4.907334890118003,False,,True,2.7,187.25378972704692,90.0,11.388077624474796,12,3,147.7829898995353,2943.319075939152,0.05655893033290457,0.20694241975717168,0.28,0.0,0.0,False,True,True
0.02,4.0,8.0,-60.0,success,True,8.178891483530006,True,0.2,True,1.9000000000000001,105.23235809835101,59.999999999999986,10.710549455739164,12,2,115.49311750381938,1114.0620404503254,0.00937444119434981,0.08797816224756393,0.22666666666666666,0.0,0.0,False,True,True
0.02,4.0,8.0,-30.0,success,True,24.536674450590017,True,0.1,True,1.0,45.08268521572273,29.999999999999993,8.822583584237078,13,1,78.65226170460424,333.89752676263424,0.016156407669214636,0.052116156107493775,0.13333333333333333,0.0,0.0,False,True,True
0.02,4.0,8.0,30.0,success,True,24.536674450590017,True,0.1,True,1.0,45.08268521572349,29.999999999999993,8.822583584237256,13,1,78.65226170460573,333.8975267626392,0.016156407669570858,0.05211615610774822,0.13333333333333333,0.0,0.0,False,True,True
0.02,4.0,8.0,60.0,success,True,8.178891483530006,True,0.2,True,1.9000000000000001,105.23235809835118,59.999999999999986,10.71054945573924,12,2,115.49311750382005,1114.0620404503331,0.009374441194324365,0.08797816224756393,0.22666666666666666,0.0,0.0,False,True,True
0.02,4.0,8.0,90.0,rescued_by_body,True,4.907334890118003,False,,True,2.7,187.25378972704704,90.0,11.388077624474848,12,3,147.78298989953518,2943.3190759391696,0.05655893033270102,0.20694241975722258,0.28,0.0,0.0,False,True,True
0.02,4.0,8.0,135.0,success,True,3.067084306323752,True,0.1,True,3.8000000000000003,351.6645812687453,135.0,11.568316290741553,11,4,192.85617814808987,5035.107530099274,0.03238344553630419,0.2588201050169029,0.36,0.0,0.0,False,True,True
0.02,4.0,32.0,-135.0,success,True,2.3138739067317924,True,0.1,True,5.7,655.4735337826073,135.0,31.903546132696025,3,3,240.12560040285004,8815.266604894785,9.803944026594753,6.835965915926984,0.9,0.0,0.0,False,False,True
0.02,4.0,32.0,-90.0,rescued_by_body,True,3.7021982507708677,False,,True,4.3,392.9170807667296,90.0,27.12055726829333,4,3,196.35075614025055,5739.257466942476,4.9662893190195625,9.150539190245729,0.82,0.0,0.0,False,True,True
0.02,4.0,32.0,-60.0,success,True,6.170330417951447,True,0.2,True,3.2,246.82863096226262,59.999999999999986,22.428706925858986,5,3,160.5811700052235,2517.0644845268357,0.4849881085258169,6.354295324788013,0.7533333333333333,0.0,0.0,False,True,True
0.02,4.0,32.0,-30.0,success,True,18.51099125385434,True,0.1,True,1.7000000000000002,120.86000282670418,29.999999999999993,15.129531907131831,6,5,116.35213497846946,940.7387405633431,2.7086085936827455,5.056019692720535,0.52,0.0,0.0,False,True,True
0.02,4.0,32.0,30.0,success,True,18.51099125385434,True,0.1,True,1.7000000000000002,120.86000282670443,29.999999999999993,15.129531907131883,6,5,116.35213497846976,940.7387405633456,2.7086085936825928,5.056019692720713,0.52,0.0,0.0,False,True,True
0.02,4.0,32.0,60.0,success,True,6.170330417951447,True,0.2,True,3.2,246.82863096226342,59.999999999999986,22.428706925859267,5,3,160.58117000522373,2517.064484526852,0.48498810852574054,6.35429532478786,0.7533333333333333,0.0,0.0,False,True,True
0.02,4.0,32.0,90.0,rescued_by_body,True,3.7021982507708677,False,,True,4.3,392.91708076673024,90.0,27.120557268293457,4,3,196.35075614025087,5739.25746694251,4.966289319019206,9.150539190245855,0.82,0.0,0.0,False,True,True
0.02,4.0,32.0,135.0,success,True,2.3138739067317924,True,0.1,True,5.7,655.4735337826074,135.0,31.90354613269613,3,3,240.12560040285,8815.266604894872,9.803944026594957,6.8359659159269075,0.9,0.0,0.0,False,False,True
0.25,0.01,1.0,-135.0,slow_but_stable,True,36.450208333334196,True,0.1,False,10.100000000000001,546.7181701517086,135.0,106.99999999999864,18,6,902.5922598268254,8348.68925290289,5.416331955907658e-07,0.0003027929095068656,0.35333333333333333,0.0,0.6978333333333333,True,False,True
0.25,0.01,1.0,-90.0,rescued_by_body,True,58.3203333333347,False,,True,7.2,271.87929927304185,90.0,71.99999999999933,23,4,550.5403047232244,3511.495876520114,8.566633201241095e-10,9.50948191990163e-08,0.16666666666666666,0.0,0.52,False,True,True
0.25,0.01,1.0,-60.0,success,True,97.20055555555784,True,0.2,True,2.8000000000000003,84.62478566085255,59.999999999999986,37.999999999999595,30,0,210.13842604517302,787.0022227434036,7.63333123551244e-14,4.0711099922733015e-13,0.02666666666666667,0.0,0.23583333333333334,False,True,True
0.25,0.01,1.0,-30.0,success,True,291.60166666667357,True,0.1,True,1.2000000000000002,27.85585858926411,29.999999999999993,18.812208952178153,28,0,93.41361598347468,182.8151159340832,5.088887490341627e-14,5.088887490341627e-14,0.0,0.0,0.124,False,True,True
0.25,0.01,1.0,30.0,success,True,291.60166666667357,True,0.1,True,1.2000000000000002,27.855858589264948,29.999999999999993,18.81220895217846,29,0,93.4136159834776,182.81511593408686,5.088887490341627e-14,1.526666247102488e-13,0.0,0.0,0.124,False,True,True
0.25,0.01,1.0,60.0,success,True,97.20055555555784,True,0.2,True,2.8000000000000003,84.62478566085224,59.999999999999986,37.999999999999595,29,0,210.138426045171,787.0022227433989,1.526666247102488e-13,2.2899993706537323e-13,0.02666666666666667,0.0,0.23583333333333334,False,True,True
0.25,0.01,1.0,90.0,rescued_by_body,True,58.3203333333347,False,,True,7.2,271.8792992730421,90.0,71.99999999999933,23,4,550.5403047232272,3511.495876520116,8.565106534993992e-10,9.509459019907924e-08,0.16666666666666666,0.0,0.52,False,True,True
0.25,0.01,1.0,135.0,slow_but_stable,True,36.450208333334196,True,0.1,False,10.100000000000001,546.7181701517131,135.0,106.99999999999862,18,6,902.5922598268427,8348.689252902901,5.416326612575794e-07,0.0003027929094814212,0.35333333333333333,0.0,0.6978333333333333,True,False,True
0.25,0.01,8.0,-135.0,slow_but_stable,True,35.926699362268536,True,0.1,False,10.100000000000001,549.7235441904311,135.0,110.19503160717409,11,9,938.1231760224143,8026.839583345274,2.9872876430912387,6.834889056148267,0.3333333333333333,0.0,0.5333333333333333,True,False,True
0.25,0.01,8.0,-90.0,rescued_by_body,True,57.482718979629645,False,,True,6.9,255.150386953003,90.0,67.61257993626178,13,7,535.0646277844487,3129.8145683076027,0.6333111147221234,1.5406333631693616,0.13333333333333333,0.0,0.3,False,True,True
0.25,0.01,8.0,-60.0,success,True,95.80453163271609,True,0.2,True,4.0,131.04918185588113,59.999999999999986,42.37018202011054,14,5,324.52957981830195,1180.874712314582,0.22821275472645575,0.578345144954833,0.02666666666666667,0.0,0.15233333333333332,False,True,True
0.25,0.01,8.0,-30.0,success,True,287.4135948981483,True,0.1,True,1.3,52.828186324810716,29.999999999999993,20.02089561798969,14,2,155.25092831328945,377.2480439025229,0.01743038591274424,0.0910414149875678,0.0,0.0,0.03,False,True,True
0.25,0.01,8.0,30.0,success,True,287.4135948981483,True,0.1,True,1.3,52.828186324810524,29.999999999999993,20.02089561798977,14,2,155.25092831328928,377.2480439025217,0.01743038591256613,0.09104141498754235,0.0,0.0,0.03,False,True,True
0.25,0.01,8.0,60.0,success,True,95.80453163271609,True,0.2,True,4.0,131.04918185588227,59.999999999999986,42.37018202011077,14,5,324.5295798183047,1180.8747123145881,0.22821275472627764,0.5783451449548075,0.02666666666666667,0.0,0.15233333333333332,False,True,True
0.25,0.01,8.0,90.0,rescued_by_body,True,57.482718979629645,False,,True,6.9,255.1503869530055,90.0,67.61257993626212,13,7,535.0646277844533,3129.814568307641,0.633311114722327,1.5406333631693871,0.13333333333333333,0.0,0.3,False,True,True
0.25,0.01,8.0,135.0,slow_but_stable,True,35.926699362268536,True,0.1,False,10.100000000000001,549.7235441904396,135.0,110.19503160717466,11,9,938.1231760224314,8026.839583345409,2.9872876430918494,6.834889056149589,0.3333333333333333,0.0,0.5333333333333333,True,False,True
0.25,0.01,32.0,-135.0,overshoot_dominant,True,28.923423834147346,True,0.1,False,,628.973478374163,135.0,94.31124271837805,8,6,939.1286002820532,8500.342339422154,11.147663542314435,40.58410591375989,0.36,0.0,0.0,True,False,False
0.25,0.01,32.0,-90.0,baseline_failure,True,46.27747813463575,False,,False,,464.897346599165,90.0,70.34741583724701,8,5,755.8800420181437,5513.061255068045,23.245723739972878,25.862840320197233,0.21333333333333335,0.0,0.0,True,False,False
0.25,0.01,32.0,-60.0,slow_but_stable,True,77.12913022439291,True,0.2,False,13.600000000000001,333.911032209702,59.999999999999986,50.95755898968806,8,5,563.7332134373535,3130.667841789596,16.9769059369329,16.167024116397947,0.08,0.0,0.0,True,False,True
0.25,0.01,32.0,-30.0,success,True,231.38739067317877,True,0.1,True,4.4,158.0735042986437,29.999999999999993,25.353790674681168,7,4,248.6333220073388,1224.1065188999128,0.48216947734736343,7.512169911796549,0.0,0.0,0.0,False,True,True
0.25,0.01,32.0,30.0,success,True,231.38739067317877,True,0.1,True,4.4,158.07350429864547,29.999999999999993,25.353790674681548,7,4,248.63332200734155,1224.106518899926,0.48216947734738885,7.512169911796701,0.0,0.0,0.0,False,True,True
0.25,0.01,32.0,60.0,slow_but_stable,True,77.12913022439291,True,0.2,False,13.600000000000001,333.9110322097018,59.999999999999986,50.95755898968826,8,5,563.7332134373527,3130.6678417895937,16.976905936932724,16.167024116398046,0.08,0.0,0.0,True,False,True
0.25,0.01,32.0,90.0,baseline_failure,True,46.27747813463575,False,,False,,464.89734659916525,90.0,70.34741583724708,8,5,755.8800420181441,5513.061255068045,23.245723739972956,25.862840320197233,0.21333333333333335,0.0,0.0,True,False,False
0.25,0.01,32.0,135.0,overshoot_dominant,True,28.923423834147346,True,0.1,False,,628.9734783741625,135.0,94.31124271837825,8,6,939.128600282051,8500.34233942215,11.147663542313722,40.58410591375938,0.36,0.0,0.0,True,False,False
0.25,0.05,1.0,-135.0,success,True,40.584375000000286,True,0.1,True,2.7,160.0536822385799,135.0,95.50489429451267,30,0,575.3474559033333,2182.0994560451127,7.63333123551244e-14,7.63333123551244e-14,0.1,0.0,0.16583333333333333,False,True,True
0.25,0.05,1.0,-90.0,rescued_by_body,True,64.93500000000044,False,,True,1.7000000000000002,79.20349588904668,90.0,69.99999999999982,30,0,327.21781739518303,1023.73112182386,1.526666247102488e-13,1.7811106216195694e-13,0.06,0.0,0.10416666666666667,False,True,True
0.25,0.05,1.0,-60.0,success,True,108.22500000000075,True,0.2,True,0.8,30.837310428304278,59.999999999999986,30.205092696226867,32,0,153.50057211399957,235.41529477329118,7.63333123551244e-14,1.7811106216195694e-13,0.013333333333333334,0.0,0.050333333333333334,False,True,True
0.25,0.05,1.0,-30.0,success,True,324.6750000000023,True,0.1,True,0.2,10.250301546411658,29.999999999999993,9.86042339634247,28,0,62.55537164198978,41.10702931132277,1.0177774980683254e-13,5.088887490341627e-14,0.0,0.0,0.010833333333333334,False,True,True
0.25,0.05,1.0,30.0,success,True,324.6750000000023,True,0.1,True,0.2,10.250301546411704,29.999999999999993,9.860423396342776,29,0,62.55537164199054,41.10702931132258,1.526666247102488e-13,1.526666247102488e-13,0.0,0.0,0.010833333333333334,False,True,True
0.25,0.05,1.0,60.0,success,True,108.22500000000075,True,0.2,True,0.8,30.837310428304512,59.999999999999986,30.20509269622689,33,0,153.500572114001,235.4152947732911,1.0177774980683254e-13,2.5444437451708134e-13,0.013333333333333334,0.0,0.050333333333333334,False,True,True
0.25,0.05,1.0,90.0,rescued_by_body,True,64.93500000000044,False,,True,1.7000000000000002,79.20349588904591,90.0,69.99999999999984,31,0,327.21781739518,1023.7311218238573,2.5444437451708134e-14,3.053332494204976e-13,0.06,0.0,0.10416666666666667,False,True,True
0.25,0.05,1.0,135.0,success,True,40.584375000000286,True,0.1,True,2.7,160.05368223858036,135.0,95.50489429451265,31,0,575.3474559033349,2182.099456045111,1.2722218725854067e-13,1.7811106216195694e-13,0.1,0.0,0.16583333333333333,False,True,True
0.25,0.05,8.0,-135.0,success,True,38.33855382904693,True,0.1,True,5.300000000000001,227.1021808816595,135.0,72.72161518945369,15,6,637.4357047503156,2539.3303794066787,0.13129646119422167,0.6682283252488396,0.10666666666666667,0.0,0.0,False,True,True
0.25,0.05,8.0,-90.0,rescued_by_body,True,61.34168612647508,False,,True,5.0,163.10621121738907,90.0,57.011523469509314,15,5,502.4371128463532,1745.226429849672,0.22549525740626916,0.6522680928031876,0.06,0.0,0.0,False,True,True
0.25,0.05,8.0,-60.0,success,True,102.23614354412514,True,0.2,True,4.0,114.65722520755769,59.999999999999986,43.84449516136128,15,5,368.4877792188279,975.6061760504462,0.1654156046026336,0.4622889900527664,0.02,0.0,0.0,False,True,True
0.25,0.05,8.0,-30.0,success,True,306.70843063237544,True,0.1,True,1.3,53.28659406406113,29.999999999999993,21.236757171352615,15,2,162.27575336826493,377.6968298645751,0.0064509819837217895,0.12142065031800005,0.0,0.0,0.0,False,True,True
0.25,0.05,8.0,30.0,success,True,306.70843063237544,True,0.1,True,1.3,53.28659406406233,29.999999999999993,21.23675717135292,15,2,162.27575336826848,377.69682986458207,0.0064509819838999005,0.12142065031815272,0.0,0.0,0.0,False,True,True
0.25,0.05,8.0,60.0,success,True,102.23614354412514,True,0.2,True,4.0,114.65722520755874,59.999999999999986,43.844495161361586,15,5,368.48777921883175,975.6061760504547,0.16541560460276084,0.4622889900526137,0.02,0.0,0.0,False,True,True
0.25,0.05,8.0,90.0,rescued_by_body,True,61.34168612647508,False,,True,5.0,163.1062112173901,90.0,57.01152346950962,15,5,502.4371128463572,1745.2264298496868,0.22549525740637094,0.6522680928030096,0.06,0.0,0.0,False,True,True
0.25,0.05,8.0,135.0,success,True,38.33855382904693,True,0.1,True,5.300000000000001,227.10218088165948,135.0,72.72161518945386,15,6,637.4357047503158,2539.330379406693,0.1312964611943489,0.6682283252488396,0.10666666666666667,0.0,0.0,False,True,True
0.25,0.05,32.0,-135.0,overshoot_dominant,True,28.923423834147346,True,0.1,False,,628.973478374163,135.0,94.31124271837805,8,6,939.1286002820532,8500.342339422154,11.147663542314435,40.58410591375989,0.36,0.0,0.0,True,False,False
0.25,0.05,32.0,-90.0,baseline_failure,True,46.27747813463575,False,,False,,464.897346599165,90.0,70.34741583724701,8,5,755.8800420181437,5513.061255068045,23.245723739972878,25.862840320197233,0.21333333333333335,0.0,0.0,True,False,False
0.25,0.05,32.0,-60.0,slow_but_stable,True,77.12913022439291,True,0.2,False,13.600000000000001,333.911032209702,59.999999999999986,50.95755898968806,8,5,563.7332134373535,3130.667841789596,16.9769059369329,16.167024116397947,0.08,0.0,0.0,True,False,True
0.25,0.05,32.0,-30.0,success,True,231.38739067317877,True,0.1,True,4.4,158.0735042986437,29.999999999999993,25.353790674681168,7,4,248.6333220073388,1224.1065188999128,0.48216947734736343,7.512169911796549,0.0,0.0,0.0,False,True,True
0.25,0.05,32.0,30.0,success,True,231.38739067317877,True,0.1,True,4.4,158.07350429864547,29.999999999999993,25.353790674681548,7,4,248.63332200734155,1224.106518899926,0.48216947734738885,7.512169911796701,0.0,0.0,0.0,False,True,True
0.25,0.05,32.0,60.0,slow_but_stable,True,77.12913022439291,True,0.2,False,13.600000000000001,333.9110322097018,59.999999999999986,50.95755898968826,8,5,563.7332134373527,3130.6678417895937,16.976905936932724,16.167024116398046,0.08,0.0,0.0,True,False,True
0.25,0.05,32.0,90.0,baseline_failure,True,46.27747813463575,False,,False,,464.89734659916525,90.0,70.34741583724708,8,5,755.8800420181441,5513.061255068045,23.245723739972956,25.862840320197233,0.21333333333333335,0.0,0.0,True,False,False
0.25,0.05,32.0,135.0,overshoot_dominant,True,28.923423834147346,True,0.1,False,,628.9734783741625,135.0,94.31124271837825,8,6,939.128600282051,8500.34233942215,11.147663542313722,40.58410591375938,0.36,0.0,0.0,True,False,False
0.25,4.0,1.0,-135.0,success,True,41.25520833333347,True,0.1,True,0.7000000000000001,46.84879038865407,135.0,28.7033012257778,28,0,230.77958713667735,424.6893032737869,1.0177774980683254e-13,1.526666247102488e-13,0.02,0.0,0.0,False,True,True
0.25,4.0,1.0,-90.0,rescued_by_body,True,66.00833333333355,False,,True,0.6000000000000001,29.281476011958638,90.0,26.066537607374375,28,0,179.1842916757194,300.7712859143226,1.0177774980683254e-13,5.088887490341627e-14,0.013333333333333334,0.0,0.0,False,True,True
0.25,4.0,1.0,-60.0,success,True,110.01388888888926,True,0.2,True,0.5,19.493331354120166,59.999999999999986,24.63219314537612,30,0,142.25475577102432,109.71068782130216,7.63333123551244e-14,5.088887490341627e-14,0.006666666666666667,0.0,0.0,False,True,True
0.25,4.0,1.0,-30.0,success,True,330.04166666666777,True,0.1,True,0.2,9.084902314570895,29.999999999999993,10.459016472935033,28,0,62.30233453186309,29.006845498636174,5.088887490341627e-14,5.088887490341627e-14,0.0,0.0,0.0,False,True,True
0.25,4.0,1.0,30.0,success,True,330.04166666666777,True,0.1,True,0.2,9.08490231457098,29.999999999999993,10.45901647293506,29,0,62.302334531864105,29.00684549863618,7.63333123551244e-14,5.088887490341627e-14,0.0,0.0,0.0,False,True,True
0.25,4.0,1.0,60.0,success,True,110.01388888888926,True,0.2,True,0.5,19.493331354120226,59.999999999999986,24.6321931453763,29,0,142.25475577102515,109.71068782130146,7.63333123551244e-14,1.7811106216195694e-13,0.006666666666666667,0.0,0.0,False,True,True
0.25,4.0,1.0,90.0,rescued_by_body,True,66.00833333333355,False,,True,0.6000000000000001,29.281476011959104,90.0,26.066537607374652,29,0,179.18429167572395,300.77128591432745,5.088887490341627e-14,5.088887490341627e-14,0.013333333333333334,0.0,0.0,False,True,True
0.25,4.0,1.0,135.0,success,True,41.25520833333347,True,0.1,True,0.7000000000000001,46.848790388653725,135.0,28.703301225778006,31,0,230.7795871366768,424.6893032737918,5.088887490341627e-14,5.088887490341627e-14,0.02,0.0,0.0,False,True,True
0.25,4.0,8.0,-135.0,success,True,38.33855382904693,True,0.1,True,5.300000000000001,227.1021808816595,135.0,72.72161518945369,15,6,637.4357047503156,2539.3303794066787,0.13129646119422167,0.6682283252488396,0.10666666666666667,0.0,0.0,False,True,True
0.25,4.0,8.0,-90.0,rescued_by_body,True,61.34168612647508,False,,True,5.0,163.10621121738907,90.0,57.011523469509314,15,5,502.4371128463532,1745.226429849672,0.22549525740626916,0.6522680928031876,0.06,0.0,0.0,False,True,True
0.25,4.0,8.0,-60.0,success,True,102.23614354412514,True,0.2,True,4.0,114.65722520755769,59.999999999999986,43.84449516136128,15,5,368.4877792188279,975.6061760504462,0.1654156046026336,0.4622889900527664,0.02,0.0,0.0,False,True,True
0.25,4.0,8.0,-30.0,success,True,306.70843063237544,True,0.1,True,1.3,53.28659406406113,29.999999999999993,21.236757171352615,15,2,162.27575336826493,377.6968298645751,0.0064509819837217895,0.12142065031800005,0.0,0.0,0.0,False,True,True
0.25,4.0,8.0,30.0,success,True,306.70843063237544,True,0.1,True,1.3,53.28659406406233,29.999999999999993,21.23675717135292,15,2,162.27575336826848,377.69682986458207,0.0064509819838999005,0.12142065031815272,0.0,0.0,0.0,False,True,True
0.25,4.0,8.0,60.0,success,True,102.23614354412514,True,0.2,True,4.0,114.65722520755874,59.999999999999986,43.844495161361586,15,5,368.48777921883175,975.6061760504547,0.16541560460276084,0.4622889900526137,0.02,0.0,0.0,False,True,True
0.25,4.0,8.0,90.0,rescued_by_body,True,61.34168612647508,False,,True,5.0,163.1062112173901,90.0,57.01152346950962,15,5,502.4371128463572,1745.2264298496868,0.22549525740637094,0.6522680928030096,0.06,0.0,0.0,False,True,True
0.25,4.0,8.0,135.0,success,True,38.33855382904693,True,0.1,True,5.300000000000001,227.10218088165948,135.0,72.72161518945386,15,6,637.4357047503158,2539.330379406693,0.1312964611943489,0.6682283252488396,0.10666666666666667,0.0,0.0,False,True,True
0.25,4.0,32.0,-135.0,overshoot_dominant,True,28.923423834147346,True,0.1,False,,628.973478374163,135.0,94.31124271837805,8,6,939.1286002820532,8500.342339422154,11.147663542314435,40.58410591375989,0.36,0.0,0.0,True,False,False
0.25,4.0,32.0,-90.0,baseline_failure,True,46.27747813463575,False,,False,,464.897346599165,90.0,70.34741583724701,8,5,755.8800420181437,5513.061255068045,23.245723739972878,25.862840320197233,0.21333333333333335,0.0,0.0,True,False,False
0.25,4.0,32.0,-60.0,slow_but_stable,True,77.12913022439291,True,0.2,False,13.600000000000001,333.911032209702,59.999999999999986,50.95755898968806,8,5,563.7332134373535,3130.667841789596,16.9769059369329,16.167024116397947,0.08,0.0,0.0,True,False,True
0.25,4.0,32.0,-30.0,success,True,231.38739067317877,True,0.1,True,4.4,158.0735042986437,29.999999999999993,25.353790674681168,7,4,248.6333220073388,1224.1065188999128,0.48216947734736343,7.512169911796549,0.0,0.0,0.0,False,True,True
0.25,4.0,32.0,30.0,success,True,231.38739067317877,True,0.1,True,4.4,158.07350429864547,29.999999999999993,25.353790674681548,7,4,248.63332200734155,1224.106518899926,0.48216947734738885,7.512169911796701,0.0,0.0,0.0,False,True,True
0.25,4.0,32.0,60.0,slow_but_stable,True,77.12913022439291,True,0.2,False,13.600000000000001,333.9110322097018,59.999999999999986,50.95755898968826,8,5,563.7332134373527,3130.6678417895937,16.976905936932724,16.167024116398046,0.08,0.0,0.0,True,False,True
0.25,4.0,32.0,90.0,baseline_failure,True,46.27747813463575,False,,False,,464.89734659916525,90.0,70.34741583724708,8,5,755.8800420181441,5513.061255068045,23.245723739972956,25.862840320197233,0.21333333333333335,0.0,0.0,True,False,False
0.25,4.0,32.0,135.0,overshoot_dominant,True,28.923423834147346,True,0.1,False,,628.9734783741625,135.0,94.31124271837825,8,6,939.128600282051,8500.34233942215,11.147663542313722,40.58410591375938,0.36,0.0,0.0,True,False,False
